Preprocessing,Scoring_Method,Normalization,Ensemble_Method,Detector,ROC-AUC,PR-AUC,Precision@50,notes
log,discrete,min-max,avg,IsolationForest,0.7261596159615962,0.1318174065357953,0.34,cleaned_data_v2
log,discrete,min-max,avg,LOF_k130_cauto,0.8043093309330933,0.1082087087320219,0.02,cleaned_data_v2
log,discrete,min-max,avg,LOF_k75_cauto,0.7548823882388239,0.0853617584727691,0.0,cleaned_data_v2
log,discrete,min-max,avg,LOF_k130_c0.01,0.571169816981698,0.0691163743747783,0.24,cleaned_data_v2
log,discrete,min-max,avg,LOF_k50_cauto,0.6942229222922291,0.0642356613858534,0.0,cleaned_data_v2
log,discrete,min-max,max,IsolationForest,0.694010201020102,0.1052671119544401,0.32,cleaned_data_v2
log,discrete,min-max,max,LOF_k130_cauto,0.7388802880288028,0.071421048973588,0.02,cleaned_data_v2
log,discrete,min-max,max,LOF_k75_cauto,0.7238073807380738,0.069999326105952,0.02,cleaned_data_v2
log,discrete,min-max,max,LOF_k130_c0.01,0.5709738973897389,0.0659857376665887,0.02,cleaned_data_v2
log,discrete,min-max,max,LOF_k50_cauto,0.6896345634563457,0.0643436663407397,0.02,cleaned_data_v2
log,discrete,none,avg,IsolationForest,0.7295097509750975,0.1427119919516263,0.42,cleaned_data_v2
log,discrete,none,avg,LOF_k130_cauto,0.7946771677167715,0.1041750617156914,0.02,cleaned_data_v2
log,discrete,none,avg,LOF_k75_cauto,0.7454818481848184,0.0814938367661233,0.0,cleaned_data_v2
log,discrete,none,avg,LOF_k130_c0.01,0.571169816981698,0.0691163743747783,0.24,cleaned_data_v2
log,discrete,none,avg,LOF_k50_cauto,0.6866063606360636,0.0622751149938816,0.0,cleaned_data_v2
log,discrete,none,max,IsolationForest,0.6183597359735973,0.1106058549426461,0.36,cleaned_data_v2
log,discrete,none,max,LOF_k130_cauto,0.7388802880288028,0.071421048973588,0.02,cleaned_data_v2
log,discrete,none,max,LOF_k75_cauto,0.7238073807380738,0.069999326105952,0.02,cleaned_data_v2
log,discrete,none,max,LOF_k130_c0.01,0.5709738973897389,0.0659857376665887,0.02,cleaned_data_v2
log,discrete,none,max,LOF_k50_cauto,0.6896345634563457,0.0643436663407397,0.02,cleaned_data_v2
log,continuous,min-max,avg,IsolationForest,0.7261596159615962,0.1318174065357953,0.34,cleaned_data_v2
log,continuous,min-max,avg,LOF_k130_c0.01,0.8013807380738073,0.1007016141899804,0.14,cleaned_data_v2
log,continuous,min-max,avg,LOF_k130_cauto,0.8013807380738073,0.1007016141899804,0.14,cleaned_data_v2
log,continuous,min-max,avg,LOF_k75_c0.01,0.7789324932493249,0.0879303401508375,0.16,cleaned_data_v2
log,continuous,min-max,avg,LOF_k75_cauto,0.7789324932493249,0.0879303401508375,0.16,cleaned_data_v2
log,continuous,min-max,max,IsolationForest,0.694010201020102,0.1052671119544401,0.32,cleaned_data_v2
log,continuous,min-max,max,LOF_k130_c0.01,0.7695211521152114,0.1023431938789477,0.26,cleaned_data_v2
log,continuous,min-max,max,LOF_k130_cauto,0.7695211521152114,0.1023431938789477,0.26,cleaned_data_v2
log,continuous,min-max,max,LOF_k75_c0.01,0.7626966696669667,0.0906312146102763,0.2,cleaned_data_v2
log,continuous,min-max,max,LOF_k75_cauto,0.7626966696669667,0.0906312146102763,0.2,cleaned_data_v2
log,continuous,z-score,avg,IsolationForest,0.726879087908791,0.1540583065184461,0.44,cleaned_data_v2
log,continuous,z-score,avg,LOF_k130_c0.01,0.8088220822082207,0.1274668958670573,0.28,cleaned_data_v2
log,continuous,z-score,avg,LOF_k130_cauto,0.8088220822082207,0.1274668958670573,0.28,cleaned_data_v2
log,continuous,z-score,avg,LOF_k75_c0.01,0.7814761476147616,0.0894031418387843,0.16,cleaned_data_v2
log,continuous,z-score,avg,LOF_k75_cauto,0.7814761476147616,0.0894031418387843,0.16,cleaned_data_v2
log,continuous,z-score,max,LOF_k130_c0.01,0.7470099009900989,0.1264194862645093,0.34,cleaned_data_v2
log,continuous,z-score,max,LOF_k130_cauto,0.7470099009900989,0.1264194862645093,0.34,cleaned_data_v2
log,continuous,z-score,max,IsolationForest,0.6679777977797781,0.1163774655325789,0.28,cleaned_data_v2
log,continuous,z-score,max,LOF_k75_c0.01,0.7121779177917792,0.0879080231542039,0.26,cleaned_data_v2
log,continuous,z-score,max,LOF_k75_cauto,0.7121779177917792,0.0879080231542039,0.26,cleaned_data_v2
log,continuous,none,avg,IsolationForest,0.7295097509750975,0.1427119919516263,0.42,cleaned_data_v2
log,continuous,none,avg,LOF_k130_c0.01,0.8152001200120013,0.1367385929539059,0.34,cleaned_data_v2
log,continuous,none,avg,LOF_k130_cauto,0.8152001200120013,0.1367385929539059,0.34,cleaned_data_v2
log,continuous,none,avg,LOF_k75_c0.01,0.7784518451845184,0.0896780455144975,0.14,cleaned_data_v2
log,continuous,none,avg,LOF_k75_cauto,0.7784518451845184,0.0896780455144975,0.14,cleaned_data_v2
log,continuous,none,max,LOF_k130_c0.01,0.7752931293129313,0.1637586796726667,0.48,cleaned_data_v2
log,continuous,none,max,LOF_k130_cauto,0.7752931293129313,0.1637586796726667,0.48,cleaned_data_v2
log,continuous,none,max,IsolationForest,0.6183597359735973,0.1106058549426461,0.36,cleaned_data_v2
log,continuous,none,max,LOF_k75_c0.01,0.7523954395439543,0.1072099831741221,0.3,cleaned_data_v2
log,continuous,none,max,LOF_k75_cauto,0.7523954395439543,0.1072099831741221,0.3,cleaned_data_v2
standard,discrete,min-max,avg,LOF_k75_cauto,0.7205718571857187,0.1782239943119796,0.12,cleaned_data_v2
standard,discrete,min-max,avg,LOF_k130_cauto,0.7165670567056706,0.1629986764483851,0.2,cleaned_data_v2
standard,discrete,min-max,avg,LOF_k130_c0.01,0.5984851485148515,0.1512182079355419,0.62,cleaned_data_v2
standard,discrete,min-max,avg,LOF_k75_c0.01,0.6115457545754576,0.1505921674926154,0.58,cleaned_data_v2
standard,discrete,min-max,avg,LOF_k50_cauto,0.7370996099609962,0.1482156151404713,0.18,cleaned_data_v2
standard,discrete,min-max,max,LOF_k75_c0.01,0.610949294929493,0.1186236556700953,0.18,cleaned_data_v2
standard,discrete,min-max,max,LOF_k130_c0.01,0.5978493849384938,0.1093456833818184,0.18,cleaned_data_v2
standard,discrete,min-max,max,IsolationForest,0.684072907290729,0.1019892119759249,0.26,cleaned_data_v2
standard,discrete,min-max,max,LOF_k50_c0.01,0.5994491449144914,0.0977686524002313,0.2,cleaned_data_v2
standard,discrete,min-max,max,LOF_k50_cauto,0.714840684068407,0.0818350107139128,0.02,cleaned_data_v2
standard,discrete,none,avg,LOF_k75_cauto,0.7265670567056707,0.1783259000261444,0.18,cleaned_data_v2
standard,discrete,none,avg,LOF_k130_cauto,0.7091101110111011,0.1644230048045318,0.02,cleaned_data_v2
standard,discrete,none,avg,LOF_k130_c0.01,0.5984851485148515,0.1512182079355419,0.62,cleaned_data_v2
standard,discrete,none,avg,LOF_k75_c0.01,0.6115457545754576,0.1505921674926154,0.58,cleaned_data_v2
standard,discrete,none,avg,LOF_k50_cauto,0.7383237323732375,0.1477398757987223,0.16,cleaned_data_v2
standard,discrete,none,max,LOF_k75_c0.01,0.610949294929493,0.1186236556700953,0.18,cleaned_data_v2
standard,discrete,none,max,LOF_k130_c0.01,0.5978493849384938,0.1093456833818184,0.18,cleaned_data_v2
standard,discrete,none,max,LOF_k50_c0.01,0.5994491449144914,0.0977686524002313,0.2,cleaned_data_v2
standard,discrete,none,max,IsolationForest,0.6017194719471948,0.0863838049072251,0.24,cleaned_data_v2
standard,discrete,none,max,LOF_k50_cauto,0.714840684068407,0.0818350107139128,0.02,cleaned_data_v2
standard,continuous,min-max,avg,LOF_k75_c0.01,0.7693627362736273,0.1727972411275218,0.48,cleaned_data_v2
standard,continuous,min-max,avg,LOF_k75_cauto,0.7693627362736273,0.1727972411275218,0.48,cleaned_data_v2
standard,continuous,min-max,avg,LOF_k50_c0.01,0.7868928892889289,0.1707111085999867,0.44,cleaned_data_v2
standard,continuous,min-max,avg,LOF_k50_cauto,0.7868928892889289,0.1707111085999867,0.44,cleaned_data_v2
standard,continuous,min-max,avg,LOF_k130_c0.01,0.7204566456645664,0.1147527255612383,0.28,cleaned_data_v2
standard,continuous,min-max,max,LOF_k50_c0.01,0.7697239723972397,0.118164848526812,0.2,cleaned_data_v2
standard,continuous,min-max,max,LOF_k50_cauto,0.7697239723972397,0.118164848526812,0.2,cleaned_data_v2
standard,continuous,min-max,max,LOF_k75_c0.01,0.7632745274527453,0.1166105091987793,0.2,cleaned_data_v2
standard,continuous,min-max,max,LOF_k75_cauto,0.7632745274527453,0.1166105091987793,0.2,cleaned_data_v2
standard,continuous,min-max,max,IsolationForest,0.684072907290729,0.1019892119759249,0.26,cleaned_data_v2
standard,continuous,z-score,avg,LOF_k75_c0.01,0.7801050105010501,0.2651009756341261,0.62,cleaned_data_v2
standard,continuous,z-score,avg,LOF_k75_cauto,0.7801050105010501,0.2651009756341261,0.62,cleaned_data_v2
standard,continuous,z-score,avg,LOF_k130_c0.01,0.7517641764176417,0.2535941381232329,0.64,cleaned_data_v2
standard,continuous,z-score,avg,LOF_k130_cauto,0.7517641764176417,0.2535941381232329,0.64,cleaned_data_v2
standard,continuous,z-score,avg,LOF_k50_c0.01,0.7946222622262226,0.2452729388051183,0.54,cleaned_data_v2
standard,continuous,z-score,max,LOF_k130_c0.01,0.7395799579957997,0.2315838909809065,0.58,cleaned_data_v2
standard,continuous,z-score,max,LOF_k130_cauto,0.7395799579957997,0.2315838909809065,0.58,cleaned_data_v2
standard,continuous,z-score,max,LOF_k75_c0.01,0.7634167416741674,0.2260904417528188,0.58,cleaned_data_v2
standard,continuous,z-score,max,LOF_k75_cauto,0.7634167416741674,0.2260904417528188,0.58,cleaned_data_v2
standard,continuous,z-score,max,LOF_k50_c0.01,0.7818169816981698,0.2125425919555097,0.54,cleaned_data_v2
standard,continuous,none,avg,LOF_k75_c0.01,0.7812823282328233,0.2544383181054324,0.6,cleaned_data_v2
standard,continuous,none,avg,LOF_k75_cauto,0.7812823282328233,0.2544383181054324,0.6,cleaned_data_v2
standard,continuous,none,avg,LOF_k130_c0.01,0.7577143714371437,0.248303569971454,0.62,cleaned_data_v2
standard,continuous,none,avg,LOF_k130_cauto,0.7577143714371437,0.248303569971454,0.62,cleaned_data_v2
standard,continuous,none,avg,LOF_k50_c0.01,0.7955067506750675,0.2412021803605727,0.52,cleaned_data_v2
standard,continuous,none,max,LOF_k75_c0.01,0.781973597359736,0.2267417004612243,0.54,cleaned_data_v2
standard,continuous,none,max,LOF_k75_cauto,0.781973597359736,0.2267417004612243,0.54,cleaned_data_v2
standard,continuous,none,max,LOF_k130_c0.01,0.7565130513051305,0.2243246712763347,0.58,cleaned_data_v2
standard,continuous,none,max,LOF_k130_cauto,0.7565130513051305,0.2243246712763347,0.58,cleaned_data_v2
standard,continuous,none,max,LOF_k50_c0.01,0.7935925592559256,0.221996956201232,0.5,cleaned_data_v2
robust,discrete,min-max,avg,LOF_k130_cauto,0.8481500150015002,0.249862489960545,0.18,cleaned_data_v2
robust,discrete,min-max,avg,LOF_k130_c0.01,0.6300261026102612,0.2181909428125399,0.76,cleaned_data_v2
robust,discrete,min-max,avg,LOF_k75_c0.01,0.621067806780678,0.1930054912609441,0.6,cleaned_data_v2
robust,discrete,min-max,avg,LOF_k75_cauto,0.782886588658866,0.1713486900010922,0.14,cleaned_data_v2
robust,discrete,min-max,avg,LOF_k50_c0.01,0.6130822082208222,0.149762713256975,0.48,cleaned_data_v2
robust,discrete,min-max,max,LOF_k130_c0.01,0.6294995499549955,0.1678462084951931,0.4,cleaned_data_v2
robust,discrete,min-max,max,LOF_k130_cauto,0.8286930693069308,0.1484285235315839,0.02,cleaned_data_v2
robust,discrete,min-max,max,LOF_k75_c0.01,0.6205244524452445,0.1437740448406083,0.18,cleaned_data_v2
robust,discrete,min-max,max,LOF_k75_cauto,0.7736681668166818,0.1195226028956936,0.02,cleaned_data_v2
robust,discrete,min-max,max,LOF_k50_c0.01,0.6125742574257426,0.1180385652083765,0.14,cleaned_data_v2
robust,discrete,none,avg,LOF_k130_cauto,0.8504257425742574,0.2463197179631868,0.18,cleaned_data_v2
robust,discrete,none,avg,LOF_k130_c0.01,0.6300261026102612,0.2181909428125399,0.76,cleaned_data_v2
robust,discrete,none,avg,LOF_k75_c0.01,0.621067806780678,0.1930054912609441,0.6,cleaned_data_v2
robust,discrete,none,avg,LOF_k75_cauto,0.782816081608161,0.1696728423013088,0.16,cleaned_data_v2
robust,discrete,none,avg,LOF_k50_c0.01,0.6130822082208222,0.149762713256975,0.48,cleaned_data_v2
robust,discrete,none,max,LOF_k130_c0.01,0.6294995499549955,0.1678462084951931,0.4,cleaned_data_v2
robust,discrete,none,max,LOF_k130_cauto,0.8286930693069308,0.1484285235315839,0.02,cleaned_data_v2
robust,discrete,none,max,LOF_k75_c0.01,0.6205244524452445,0.1437740448406083,0.18,cleaned_data_v2
robust,discrete,none,max,LOF_k75_cauto,0.7736681668166818,0.1195226028956936,0.02,cleaned_data_v2
robust,discrete,none,max,LOF_k50_c0.01,0.6125742574257426,0.1180385652083765,0.14,cleaned_data_v2
robust,continuous,min-max,avg,LOF_k75_c0.01,0.7823030303030304,0.1925366727017682,0.54,cleaned_data_v2
robust,continuous,min-max,avg,LOF_k75_cauto,0.7823030303030304,0.1925366727017682,0.54,cleaned_data_v2
robust,continuous,min-max,avg,LOF_k130_c0.01,0.8338061806180618,0.1725637511847926,0.32,cleaned_data_v2
robust,continuous,min-max,avg,LOF_k130_cauto,0.8338061806180618,0.1725637511847926,0.32,cleaned_data_v2
robust,continuous,min-max,avg,LOF_k50_c0.01,0.716930093009301,0.1603970818057272,0.5,cleaned_data_v2
robust,continuous,min-max,max,LOF_k130_c0.01,0.7925484548454846,0.126002625738835,0.28,cleaned_data_v2
robust,continuous,min-max,max,LOF_k130_cauto,0.7925484548454846,0.126002625738835,0.28,cleaned_data_v2
robust,continuous,min-max,max,LOF_k75_c0.01,0.7285820582058207,0.1175609600017002,0.26,cleaned_data_v2
robust,continuous,min-max,max,LOF_k75_cauto,0.7285820582058207,0.1175609600017002,0.26,cleaned_data_v2
robust,continuous,min-max,max,IsolationForest,0.684072907290729,0.1019892119759249,0.26,cleaned_data_v2
robust,continuous,z-score,avg,LOF_k130_c0.01,0.8587626762676268,0.3612808390997383,0.72,cleaned_data_v2
robust,continuous,z-score,avg,LOF_k130_cauto,0.8587626762676268,0.3612808390997383,0.72,cleaned_data_v2
robust,continuous,z-score,avg,LOF_k75_c0.01,0.7848256825682568,0.2675618156087519,0.68,cleaned_data_v2
robust,continuous,z-score,avg,LOF_k75_cauto,0.7848256825682568,0.2675618156087519,0.68,cleaned_data_v2
robust,continuous,z-score,avg,LOF_k50_c0.01,0.7134773477347734,0.2002327871255378,0.58,cleaned_data_v2
robust,continuous,z-score,max,LOF_k130_c0.01,0.8449738973897389,0.3175851553814353,0.64,cleaned_data_v2
robust,continuous,z-score,max,LOF_k130_cauto,0.8449738973897389,0.3175851553814353,0.64,cleaned_data_v2
robust,continuous,z-score,max,LOF_k75_c0.01,0.7889114911491149,0.2540965020088291,0.62,cleaned_data_v2
robust,continuous,z-score,max,LOF_k75_cauto,0.7889114911491149,0.2540965020088291,0.62,cleaned_data_v2
robust,continuous,z-score,max,LOF_k50_c0.01,0.7435349534953495,0.2008426281430762,0.58,cleaned_data_v2
robust,continuous,none,avg,LOF_k130_c0.01,0.8995325532553256,0.399940350987464,0.72,cleaned_data_v2
robust,continuous,none,avg,LOF_k130_cauto,0.8995325532553256,0.399940350987464,0.72,cleaned_data_v2
robust,continuous,none,avg,LOF_k75_c0.01,0.8388616861686168,0.3245800367056752,0.66,cleaned_data_v2
robust,continuous,none,avg,LOF_k75_cauto,0.8388616861686168,0.3245800367056752,0.66,cleaned_data_v2
robust,continuous,none,avg,LOF_k50_c0.01,0.7806984698469847,0.2537330788969242,0.58,cleaned_data_v2
robust,continuous,none,max,LOF_k130_c0.01,0.9104164416441644,0.4064829319347069,0.7,cleaned_data_v2
robust,continuous,none,max,LOF_k130_cauto,0.9104164416441644,0.4064829319347069,0.7,cleaned_data_v2
robust,continuous,none,max,LOF_k75_c0.01,0.864973897389739,0.3516195535434853,0.68,cleaned_data_v2
robust,continuous,none,max,LOF_k75_cauto,0.864973897389739,0.3516195535434853,0.68,cleaned_data_v2
robust,continuous,none,max,LOF_k50_c0.01,0.8172547254725473,0.29296652576801,0.64,cleaned_data_v2
none,discrete,min-max,avg,LOF_k50_cauto,0.8228835883588359,0.2533868997888068,0.38,cleaned_data_v2
none,discrete,min-max,avg,LOF_k75_cauto,0.7995511551155114,0.2510069144831628,0.3,cleaned_data_v2
none,discrete,min-max,avg,LOF_k130_cauto,0.7752466246624663,0.1863213799711551,0.06,cleaned_data_v2
none,discrete,min-max,avg,LOF_k130_c0.01,0.6184887488748875,0.1548844731553803,0.54,cleaned_data_v2
none,discrete,min-max,avg,IsolationForest,0.6978505850585058,0.1035331829247374,0.28,cleaned_data_v2
none,discrete,min-max,max,LOF_k130_c0.01,0.6181494149414942,0.137011914401388,0.38,cleaned_data_v2
none,discrete,min-max,max,LOF_k50_cauto,0.7994425442544255,0.1275479230872073,0.02,cleaned_data_v2
none,discrete,min-max,max,LOF_k75_cauto,0.7715919591959195,0.1099818777713514,0.02,cleaned_data_v2
none,discrete,min-max,max,IsolationForest,0.684072907290729,0.1019892119759249,0.26,cleaned_data_v2
none,discrete,min-max,max,LOF_k130_cauto,0.7436165616561656,0.0958980832160367,0.02,cleaned_data_v2
none,discrete,none,avg,LOF_k50_cauto,0.8271275127512752,0.253262129154263,0.42,cleaned_data_v2
none,discrete,none,avg,LOF_k75_cauto,0.8031449144914491,0.2512050555609677,0.38,cleaned_data_v2
none,discrete,none,avg,LOF_k130_cauto,0.7723435343534354,0.1867959798891763,0.06,cleaned_data_v2
none,discrete,none,avg,LOF_k130_c0.01,0.6184887488748875,0.1548844731553803,0.54,cleaned_data_v2
none,discrete,none,avg,IsolationForest,0.6980966096609661,0.1019885512446037,0.26,cleaned_data_v2
none,discrete,none,max,LOF_k130_c0.01,0.6181494149414942,0.137011914401388,0.38,cleaned_data_v2
none,discrete,none,max,LOF_k50_cauto,0.7994425442544255,0.1275479230872073,0.02,cleaned_data_v2
none,discrete,none,max,LOF_k75_cauto,0.7715919591959195,0.1099818777713514,0.02,cleaned_data_v2
none,discrete,none,max,LOF_k130_cauto,0.7436165616561656,0.0958980832160367,0.02,cleaned_data_v2
none,discrete,none,max,IsolationForest,0.6017194719471948,0.0863838049072251,0.24,cleaned_data_v2
none,continuous,min-max,avg,LOF_k75_c0.01,0.8686930693069307,0.1640260353221826,0.22,cleaned_data_v2
none,continuous,min-max,avg,LOF_k75_cauto,0.8686930693069307,0.1640260353221826,0.22,cleaned_data_v2
none,continuous,min-max,avg,LOF_k50_c0.01,0.8815175517551755,0.1585096664632611,0.2,cleaned_data_v2
none,continuous,min-max,avg,LOF_k50_cauto,0.8815175517551755,0.1585096664632611,0.2,cleaned_data_v2
none,continuous,min-max,avg,LOF_k130_c0.01,0.8055385538553855,0.1299662822779876,0.22,cleaned_data_v2
none,continuous,min-max,max,LOF_k75_c0.01,0.8524653465346536,0.1200215703574552,0.16,cleaned_data_v2
none,continuous,min-max,max,LOF_k75_cauto,0.8524653465346536,0.1200215703574552,0.16,cleaned_data_v2
none,continuous,min-max,max,LOF_k50_c0.01,0.8444257425742575,0.1187370797580461,0.16,cleaned_data_v2
none,continuous,min-max,max,LOF_k50_cauto,0.8444257425742575,0.1187370797580461,0.16,cleaned_data_v2
none,continuous,min-max,max,IsolationForest,0.684072907290729,0.1019892119759249,0.26,cleaned_data_v2
none,continuous,z-score,avg,LOF_k130_c0.01,0.8685826582658265,0.2847785280790803,0.6,cleaned_data_v2
none,continuous,z-score,avg,LOF_k130_cauto,0.8685826582658265,0.2847785280790803,0.6,cleaned_data_v2
none,continuous,z-score,avg,LOF_k75_c0.01,0.8851167116711671,0.2176249246815479,0.34,cleaned_data_v2
none,continuous,z-score,avg,LOF_k75_cauto,0.8851167116711671,0.2176249246815479,0.34,cleaned_data_v2
none,continuous,z-score,avg,LOF_k50_c0.01,0.9033063306330632,0.2105689639975473,0.16,cleaned_data_v2
none,continuous,z-score,max,LOF_k130_c0.01,0.828803480348035,0.2440323265157993,0.48,cleaned_data_v2
none,continuous,z-score,max,LOF_k130_cauto,0.828803480348035,0.2440323265157993,0.48,cleaned_data_v2
none,continuous,z-score,max,LOF_k50_c0.01,0.8714815481548155,0.172789824045759,0.2,cleaned_data_v2
none,continuous,z-score,max,LOF_k50_cauto,0.8714815481548155,0.172789824045759,0.2,cleaned_data_v2
none,continuous,z-score,max,LOF_k75_c0.01,0.8453741374137413,0.1706713254594689,0.22,cleaned_data_v2
none,continuous,none,avg,LOF_k130_c0.01,0.8631389138913892,0.2824634297733729,0.56,cleaned_data_v2
none,continuous,none,avg,LOF_k130_cauto,0.8631389138913892,0.2824634297733729,0.56,cleaned_data_v2
none,continuous,none,avg,LOF_k75_c0.01,0.8903186318631862,0.2139668353344513,0.3,cleaned_data_v2
none,continuous,none,avg,LOF_k75_cauto,0.8903186318631862,0.2139668353344513,0.3,cleaned_data_v2
none,continuous,none,avg,LOF_k50_c0.01,0.9111677167716772,0.2034473023737872,0.1,cleaned_data_v2
none,continuous,none,max,LOF_k130_c0.01,0.8408292829282928,0.2388359659596619,0.5,cleaned_data_v2
none,continuous,none,max,LOF_k130_cauto,0.8408292829282928,0.2388359659596619,0.5,cleaned_data_v2
none,continuous,none,max,LOF_k75_c0.01,0.8673129312931295,0.1720498092694422,0.18,cleaned_data_v2
none,continuous,none,max,LOF_k75_cauto,0.8673129312931295,0.1720498092694422,0.18,cleaned_data_v2
none,continuous,none,max,LOF_k50_c0.01,0.8904812481248126,0.1716640402565253,0.1,cleaned_data_v2
log,discrete,min-max,avg,LOF_k130_cauto,0.8202673267326733,0.113976526567036,0.02,cleaned_data_v2_drop_T4U_FTI
log,discrete,min-max,avg,IsolationForest,0.7280282028202819,0.0866426461827223,0.14,cleaned_data_v2_drop_T4U_FTI
log,discrete,min-max,avg,LOF_k75_cauto,0.760043204320432,0.0856948472483859,0.0,cleaned_data_v2_drop_T4U_FTI
log,discrete,min-max,avg,LOF_k50_cauto,0.6974632463246325,0.0658440353851726,0.0,cleaned_data_v2_drop_T4U_FTI
log,discrete,min-max,avg,LOF_k130_c0.01,0.55404500450045,0.0536813288781985,0.08,cleaned_data_v2_drop_T4U_FTI
log,discrete,min-max,max,IsolationForest,0.711008100810081,0.0832387089881065,0.2,cleaned_data_v2_drop_T4U_FTI
log,discrete,min-max,max,LOF_k130_cauto,0.7482298229822981,0.0730830738278603,0.02,cleaned_data_v2_drop_T4U_FTI
log,discrete,min-max,max,LOF_k75_cauto,0.7302820282028202,0.0711356400939354,0.02,cleaned_data_v2_drop_T4U_FTI
log,discrete,min-max,max,LOF_k50_cauto,0.6898847884788479,0.0646124193893275,0.02,cleaned_data_v2_drop_T4U_FTI
log,discrete,min-max,max,LOF_k130_c0.01,0.5541488148814881,0.0541828009411365,0.04,cleaned_data_v2_drop_T4U_FTI
log,discrete,none,avg,LOF_k130_cauto,0.8117371737173718,0.10927924658619,0.02,cleaned_data_v2_drop_T4U_FTI
log,discrete,none,avg,IsolationForest,0.731063906390639,0.0907413768812264,0.12,cleaned_data_v2_drop_T4U_FTI
log,discrete,none,avg,LOF_k75_cauto,0.750073507350735,0.0830536492127268,0.0,cleaned_data_v2_drop_T4U_FTI
log,discrete,none,avg,LOF_k50_cauto,0.6878397839783978,0.0632110019019554,0.0,cleaned_data_v2_drop_T4U_FTI
log,discrete,none,avg,LOF_k130_c0.01,0.55404500450045,0.0536813288781985,0.08,cleaned_data_v2_drop_T4U_FTI
log,discrete,none,max,IsolationForest,0.612004200420042,0.0736046997008367,0.16,cleaned_data_v2_drop_T4U_FTI
log,discrete,none,max,LOF_k130_cauto,0.7482298229822981,0.0730830738278603,0.02,cleaned_data_v2_drop_T4U_FTI
log,discrete,none,max,LOF_k75_cauto,0.7302820282028202,0.0711356400939354,0.02,cleaned_data_v2_drop_T4U_FTI
log,discrete,none,max,LOF_k50_cauto,0.6898847884788479,0.0646124193893275,0.02,cleaned_data_v2_drop_T4U_FTI
log,discrete,none,max,LOF_k130_c0.01,0.5541488148814881,0.0541828009411365,0.04,cleaned_data_v2_drop_T4U_FTI
log,continuous,min-max,avg,IsolationForest,0.7280282028202819,0.0866426461827223,0.14,cleaned_data_v2_drop_T4U_FTI
log,continuous,min-max,avg,LOF_k130_c0.01,0.791003900390039,0.0804381566689575,0.06,cleaned_data_v2_drop_T4U_FTI
log,continuous,min-max,avg,LOF_k130_cauto,0.791003900390039,0.0804381566689575,0.06,cleaned_data_v2_drop_T4U_FTI
log,continuous,min-max,avg,LOF_k75_c0.01,0.7697179717971798,0.0745162794532559,0.08,cleaned_data_v2_drop_T4U_FTI
log,continuous,min-max,avg,LOF_k75_cauto,0.7697179717971798,0.0745162794532559,0.08,cleaned_data_v2_drop_T4U_FTI
log,continuous,min-max,max,LOF_k130_c0.01,0.7638265826582659,0.0860223533843331,0.24,cleaned_data_v2_drop_T4U_FTI
log,continuous,min-max,max,LOF_k130_cauto,0.7638265826582659,0.0860223533843331,0.24,cleaned_data_v2_drop_T4U_FTI
log,continuous,min-max,max,IsolationForest,0.711008100810081,0.0832387089881065,0.2,cleaned_data_v2_drop_T4U_FTI
log,continuous,min-max,max,LOF_k75_c0.01,0.7526636663666367,0.077987920389176,0.2,cleaned_data_v2_drop_T4U_FTI
log,continuous,min-max,max,LOF_k75_cauto,0.7526636663666367,0.077987920389176,0.2,cleaned_data_v2_drop_T4U_FTI
log,continuous,z-score,avg,IsolationForest,0.7258883888388838,0.0958455900994561,0.2,cleaned_data_v2_drop_T4U_FTI
log,continuous,z-score,avg,LOF_k130_c0.01,0.8002532253225323,0.0938015828803068,0.08,cleaned_data_v2_drop_T4U_FTI
log,continuous,z-score,avg,LOF_k130_cauto,0.8002532253225323,0.0938015828803068,0.08,cleaned_data_v2_drop_T4U_FTI
log,continuous,z-score,avg,LOF_k75_c0.01,0.7755733573357335,0.076081082575604,0.06,cleaned_data_v2_drop_T4U_FTI
log,continuous,z-score,avg,LOF_k75_cauto,0.7755733573357335,0.076081082575604,0.06,cleaned_data_v2_drop_T4U_FTI
log,continuous,z-score,max,LOF_k130_c0.01,0.7373807380738074,0.0886996207987256,0.24,cleaned_data_v2_drop_T4U_FTI
log,continuous,z-score,max,LOF_k130_cauto,0.7373807380738074,0.0886996207987256,0.24,cleaned_data_v2_drop_T4U_FTI
log,continuous,z-score,max,IsolationForest,0.670869186918692,0.0811497947047011,0.12,cleaned_data_v2_drop_T4U_FTI
log,continuous,z-score,max,LOF_k75_c0.01,0.7069936993699368,0.0689013745568012,0.18,cleaned_data_v2_drop_T4U_FTI
log,continuous,z-score,max,LOF_k75_cauto,0.7069936993699368,0.0689013745568012,0.18,cleaned_data_v2_drop_T4U_FTI
log,continuous,none,avg,LOF_k130_c0.01,0.8033303330333035,0.0946656916390084,0.12,cleaned_data_v2_drop_T4U_FTI
log,continuous,none,avg,LOF_k130_cauto,0.8033303330333035,0.0946656916390084,0.12,cleaned_data_v2_drop_T4U_FTI
log,continuous,none,avg,IsolationForest,0.731063906390639,0.0907413768812264,0.12,cleaned_data_v2_drop_T4U_FTI
log,continuous,none,avg,LOF_k75_c0.01,0.7706582658265826,0.0735887637527181,0.06,cleaned_data_v2_drop_T4U_FTI
log,continuous,none,avg,LOF_k75_cauto,0.7706582658265826,0.0735887637527181,0.06,cleaned_data_v2_drop_T4U_FTI
log,continuous,none,max,LOF_k130_c0.01,0.7646012601260126,0.1099806231331876,0.32,cleaned_data_v2_drop_T4U_FTI
log,continuous,none,max,LOF_k130_cauto,0.7646012601260126,0.1099806231331876,0.32,cleaned_data_v2_drop_T4U_FTI
log,continuous,none,max,LOF_k75_c0.01,0.7448238823882387,0.0785310410522079,0.14,cleaned_data_v2_drop_T4U_FTI
log,continuous,none,max,LOF_k75_cauto,0.7448238823882387,0.0785310410522079,0.14,cleaned_data_v2_drop_T4U_FTI
log,continuous,none,max,IsolationForest,0.612004200420042,0.0736046997008367,0.16,cleaned_data_v2_drop_T4U_FTI
standard,discrete,min-max,avg,LOF_k130_cauto,0.7607611761176118,0.1989993108340282,0.02,cleaned_data_v2_drop_T4U_FTI
standard,discrete,min-max,avg,LOF_k130_c0.01,0.618908490849085,0.1875859786070947,0.66,cleaned_data_v2_drop_T4U_FTI
standard,discrete,min-max,avg,LOF_k75_cauto,0.7686303630363036,0.1566881377030515,0.02,cleaned_data_v2_drop_T4U_FTI
standard,discrete,min-max,avg,LOF_k75_c0.01,0.6122589258925892,0.1490063811703134,0.52,cleaned_data_v2_drop_T4U_FTI
standard,discrete,min-max,avg,LOF_k50_cauto,0.7732877287728772,0.1246501225841334,0.02,cleaned_data_v2_drop_T4U_FTI
standard,discrete,min-max,max,LOF_k130_c0.01,0.6181494149414942,0.137011914401388,0.22,cleaned_data_v2_drop_T4U_FTI
standard,discrete,min-max,max,LOF_k75_c0.01,0.6115991599159917,0.1111934577050856,0.22,cleaned_data_v2_drop_T4U_FTI
standard,discrete,min-max,max,LOF_k50_c0.01,0.6124740474047405,0.1064981479886295,0.14,cleaned_data_v2_drop_T4U_FTI
standard,discrete,min-max,max,IsolationForest,0.7161842184218421,0.0874792295114584,0.2,cleaned_data_v2_drop_T4U_FTI
standard,discrete,min-max,max,LOF_k50_cauto,0.733011101110111,0.0771224670118348,0.02,cleaned_data_v2_drop_T4U_FTI
standard,discrete,none,avg,LOF_k130_cauto,0.7636555655565556,0.2037388667578988,0.1,cleaned_data_v2_drop_T4U_FTI
standard,discrete,none,avg,LOF_k130_c0.01,0.618908490849085,0.1875859786070947,0.66,cleaned_data_v2_drop_T4U_FTI
standard,discrete,none,avg,LOF_k75_cauto,0.7700543054305431,0.1560353305275932,0.02,cleaned_data_v2_drop_T4U_FTI
standard,discrete,none,avg,LOF_k75_c0.01,0.6122589258925892,0.1490063811703134,0.52,cleaned_data_v2_drop_T4U_FTI
standard,discrete,none,avg,LOF_k50_cauto,0.7714491449144915,0.1237138217966139,0.02,cleaned_data_v2_drop_T4U_FTI
standard,discrete,none,max,LOF_k130_c0.01,0.6181494149414942,0.137011914401388,0.22,cleaned_data_v2_drop_T4U_FTI
standard,discrete,none,max,LOF_k75_c0.01,0.6115991599159917,0.1111934577050856,0.22,cleaned_data_v2_drop_T4U_FTI
standard,discrete,none,max,LOF_k50_c0.01,0.6124740474047405,0.1064981479886295,0.14,cleaned_data_v2_drop_T4U_FTI
standard,discrete,none,max,LOF_k50_cauto,0.733011101110111,0.0771224670118348,0.02,cleaned_data_v2_drop_T4U_FTI
standard,discrete,none,max,IsolationForest,0.6070945094509452,0.0754806928510836,0.22,cleaned_data_v2_drop_T4U_FTI
standard,continuous,min-max,avg,LOF_k75_c0.01,0.8178133813381339,0.1842040406014877,0.46,cleaned_data_v2_drop_T4U_FTI
standard,continuous,min-max,avg,LOF_k75_cauto,0.8178133813381339,0.1842040406014877,0.46,cleaned_data_v2_drop_T4U_FTI
standard,continuous,min-max,avg,LOF_k50_c0.01,0.8307056705670567,0.1693826770287982,0.42,cleaned_data_v2_drop_T4U_FTI
standard,continuous,min-max,avg,LOF_k50_cauto,0.8307056705670567,0.1693826770287982,0.42,cleaned_data_v2_drop_T4U_FTI
standard,continuous,min-max,avg,LOF_k130_c0.01,0.7703672367236722,0.1231795437291452,0.28,cleaned_data_v2_drop_T4U_FTI
standard,continuous,min-max,max,LOF_k75_c0.01,0.8054044404440444,0.1310807226668011,0.26,cleaned_data_v2_drop_T4U_FTI
standard,continuous,min-max,max,LOF_k75_cauto,0.8054044404440444,0.1310807226668011,0.26,cleaned_data_v2_drop_T4U_FTI
standard,continuous,min-max,max,LOF_k50_c0.01,0.8128700870087009,0.1276379418501762,0.26,cleaned_data_v2_drop_T4U_FTI
standard,continuous,min-max,max,LOF_k50_cauto,0.8128700870087009,0.1276379418501762,0.26,cleaned_data_v2_drop_T4U_FTI
standard,continuous,min-max,max,LOF_k130_c0.01,0.7678601860186018,0.0994561170478053,0.22,cleaned_data_v2_drop_T4U_FTI
standard,continuous,z-score,avg,LOF_k130_c0.01,0.8028850885088509,0.312756448906981,0.68,cleaned_data_v2_drop_T4U_FTI
standard,continuous,z-score,avg,LOF_k130_cauto,0.8028850885088509,0.312756448906981,0.68,cleaned_data_v2_drop_T4U_FTI
standard,continuous,z-score,avg,LOF_k75_c0.01,0.8296285628562856,0.2793349827252668,0.64,cleaned_data_v2_drop_T4U_FTI
standard,continuous,z-score,avg,LOF_k75_cauto,0.8296285628562856,0.2793349827252668,0.64,cleaned_data_v2_drop_T4U_FTI
standard,continuous,z-score,avg,LOF_k50_c0.01,0.841947794779478,0.2379398925669849,0.48,cleaned_data_v2_drop_T4U_FTI
standard,continuous,z-score,max,LOF_k130_c0.01,0.775959795979598,0.2535815791243452,0.6,cleaned_data_v2_drop_T4U_FTI
standard,continuous,z-score,max,LOF_k130_cauto,0.775959795979598,0.2535815791243452,0.6,cleaned_data_v2_drop_T4U_FTI
standard,continuous,z-score,max,LOF_k75_c0.01,0.8029276927692769,0.225107778859476,0.62,cleaned_data_v2_drop_T4U_FTI
standard,continuous,z-score,max,LOF_k75_cauto,0.8029276927692769,0.225107778859476,0.62,cleaned_data_v2_drop_T4U_FTI
standard,continuous,z-score,max,LOF_k50_c0.01,0.824062106210621,0.2074986450077271,0.46,cleaned_data_v2_drop_T4U_FTI
standard,continuous,none,avg,LOF_k130_c0.01,0.8106864686468647,0.310273151038055,0.68,cleaned_data_v2_drop_T4U_FTI
standard,continuous,none,avg,LOF_k130_cauto,0.8106864686468647,0.310273151038055,0.68,cleaned_data_v2_drop_T4U_FTI
standard,continuous,none,avg,LOF_k75_c0.01,0.8306804680468047,0.2876576085223338,0.64,cleaned_data_v2_drop_T4U_FTI
standard,continuous,none,avg,LOF_k75_cauto,0.8306804680468047,0.2876576085223338,0.64,cleaned_data_v2_drop_T4U_FTI
standard,continuous,none,avg,LOF_k50_c0.01,0.8408112811281128,0.2462534135605945,0.5,cleaned_data_v2_drop_T4U_FTI
standard,continuous,none,max,LOF_k130_c0.01,0.8080492049204919,0.2607945092209359,0.6,cleaned_data_v2_drop_T4U_FTI
standard,continuous,none,max,LOF_k130_cauto,0.8080492049204919,0.2607945092209359,0.6,cleaned_data_v2_drop_T4U_FTI
standard,continuous,none,max,LOF_k75_c0.01,0.823100510051005,0.2490818585831378,0.6,cleaned_data_v2_drop_T4U_FTI
standard,continuous,none,max,LOF_k75_cauto,0.823100510051005,0.2490818585831378,0.6,cleaned_data_v2_drop_T4U_FTI
standard,continuous,none,max,LOF_k50_c0.01,0.8304392439243924,0.2287109378251035,0.6,cleaned_data_v2_drop_T4U_FTI
robust,discrete,min-max,avg,LOF_k130_cauto,0.8438718871887189,0.2733213253481997,0.2,cleaned_data_v2_drop_T4U_FTI
robust,discrete,min-max,avg,LOF_k130_c0.01,0.628029702970297,0.2200373557201366,0.8,cleaned_data_v2_drop_T4U_FTI
robust,discrete,min-max,avg,LOF_k75_c0.01,0.6224146414641463,0.1882791758214881,0.66,cleaned_data_v2_drop_T4U_FTI
robust,discrete,min-max,avg,LOF_k50_c0.01,0.6168637863786379,0.1621600527767386,0.56,cleaned_data_v2_drop_T4U_FTI
robust,discrete,min-max,avg,LOF_k75_cauto,0.7695844584458447,0.1460876667565212,0.06,cleaned_data_v2_drop_T4U_FTI
robust,discrete,min-max,max,LOF_k130_c0.01,0.6274245424542455,0.1638018243670958,0.38,cleaned_data_v2_drop_T4U_FTI
robust,discrete,min-max,max,LOF_k75_c0.01,0.6217743774377438,0.138349940786031,0.18,cleaned_data_v2_drop_T4U_FTI
robust,discrete,min-max,max,LOF_k130_cauto,0.8124908490849085,0.1217196122405982,0.02,cleaned_data_v2_drop_T4U_FTI
robust,discrete,min-max,max,LOF_k50_c0.01,0.6161992199219923,0.119809848996913,0.24,cleaned_data_v2_drop_T4U_FTI
robust,discrete,min-max,max,LOF_k75_cauto,0.7515655565556555,0.0947341618980842,0.02,cleaned_data_v2_drop_T4U_FTI
robust,discrete,none,avg,LOF_k130_cauto,0.8460594059405941,0.2719064376364378,0.18,cleaned_data_v2_drop_T4U_FTI
robust,discrete,none,avg,LOF_k130_c0.01,0.628029702970297,0.2200373557201366,0.8,cleaned_data_v2_drop_T4U_FTI
robust,discrete,none,avg,LOF_k75_c0.01,0.6224146414641463,0.1882791758214881,0.66,cleaned_data_v2_drop_T4U_FTI
robust,discrete,none,avg,LOF_k50_c0.01,0.6168637863786379,0.1621600527767386,0.56,cleaned_data_v2_drop_T4U_FTI
robust,discrete,none,avg,LOF_k75_cauto,0.7648751875187518,0.1417656920014814,0.14,cleaned_data_v2_drop_T4U_FTI
robust,discrete,none,max,LOF_k130_c0.01,0.6274245424542455,0.1638018243670958,0.38,cleaned_data_v2_drop_T4U_FTI
robust,discrete,none,max,LOF_k75_c0.01,0.6217743774377438,0.138349940786031,0.18,cleaned_data_v2_drop_T4U_FTI
robust,discrete,none,max,LOF_k130_cauto,0.8124908490849085,0.1217196122405982,0.02,cleaned_data_v2_drop_T4U_FTI
robust,discrete,none,max,LOF_k50_c0.01,0.6161992199219923,0.119809848996913,0.24,cleaned_data_v2_drop_T4U_FTI
robust,discrete,none,max,LOF_k75_cauto,0.7515655565556555,0.0947341618980842,0.02,cleaned_data_v2_drop_T4U_FTI
robust,continuous,min-max,avg,LOF_k75_c0.01,0.7575175517551755,0.1850871463835268,0.56,cleaned_data_v2_drop_T4U_FTI
robust,continuous,min-max,avg,LOF_k75_cauto,0.7575175517551755,0.1850871463835268,0.56,cleaned_data_v2_drop_T4U_FTI
robust,continuous,min-max,avg,LOF_k130_c0.01,0.82396399639964,0.1727686064246662,0.32,cleaned_data_v2_drop_T4U_FTI
robust,continuous,min-max,avg,LOF_k130_cauto,0.82396399639964,0.1727686064246662,0.32,cleaned_data_v2_drop_T4U_FTI
robust,continuous,min-max,avg,LOF_k50_c0.01,0.7013195319531953,0.1507395105441506,0.52,cleaned_data_v2_drop_T4U_FTI
robust,continuous,min-max,max,LOF_k130_c0.01,0.7758760876087609,0.1209911644463991,0.26,cleaned_data_v2_drop_T4U_FTI
robust,continuous,min-max,max,LOF_k130_cauto,0.7758760876087609,0.1209911644463991,0.26,cleaned_data_v2_drop_T4U_FTI
robust,continuous,min-max,max,LOF_k75_c0.01,0.7098280828082808,0.1126415748802145,0.28,cleaned_data_v2_drop_T4U_FTI
robust,continuous,min-max,max,LOF_k75_cauto,0.7098280828082808,0.1126415748802145,0.28,cleaned_data_v2_drop_T4U_FTI
robust,continuous,min-max,max,LOF_k50_c0.01,0.6578505850585059,0.0981613028463355,0.28,cleaned_data_v2_drop_T4U_FTI
robust,continuous,z-score,avg,LOF_k130_c0.01,0.8405178517851783,0.3581045253626885,0.72,cleaned_data_v2_drop_T4U_FTI
robust,continuous,z-score,avg,LOF_k130_cauto,0.8405178517851783,0.3581045253626885,0.72,cleaned_data_v2_drop_T4U_FTI
robust,continuous,z-score,avg,LOF_k75_c0.01,0.7603420342034204,0.2526735771300079,0.68,cleaned_data_v2_drop_T4U_FTI
robust,continuous,z-score,avg,LOF_k75_cauto,0.7603420342034204,0.2526735771300079,0.68,cleaned_data_v2_drop_T4U_FTI
robust,continuous,z-score,avg,LOF_k50_c0.01,0.6988904890489049,0.1898093811469939,0.58,cleaned_data_v2_drop_T4U_FTI
robust,continuous,z-score,max,LOF_k130_c0.01,0.8202796279627963,0.3023820813117855,0.64,cleaned_data_v2_drop_T4U_FTI
robust,continuous,z-score,max,LOF_k130_cauto,0.8202796279627963,0.3023820813117855,0.64,cleaned_data_v2_drop_T4U_FTI
robust,continuous,z-score,max,LOF_k75_c0.01,0.7646330633063305,0.2359200270507485,0.64,cleaned_data_v2_drop_T4U_FTI
robust,continuous,z-score,max,LOF_k75_cauto,0.7646330633063305,0.2359200270507485,0.64,cleaned_data_v2_drop_T4U_FTI
robust,continuous,z-score,max,LOF_k50_c0.01,0.7281542154215421,0.1870166697208216,0.54,cleaned_data_v2_drop_T4U_FTI
robust,continuous,none,avg,LOF_k130_c0.01,0.8883216321632164,0.4123322689976678,0.7,cleaned_data_v2_drop_T4U_FTI
robust,continuous,none,avg,LOF_k130_cauto,0.8883216321632164,0.4123322689976678,0.7,cleaned_data_v2_drop_T4U_FTI
robust,continuous,none,avg,LOF_k75_c0.01,0.818975097509751,0.3221818328769829,0.66,cleaned_data_v2_drop_T4U_FTI
robust,continuous,none,avg,LOF_k75_cauto,0.818975097509751,0.3221818328769829,0.66,cleaned_data_v2_drop_T4U_FTI
robust,continuous,none,avg,LOF_k50_c0.01,0.760944494449445,0.2448169422859984,0.58,cleaned_data_v2_drop_T4U_FTI
robust,continuous,none,max,LOF_k130_c0.01,0.9054971497149716,0.4136163832349997,0.7,cleaned_data_v2_drop_T4U_FTI
robust,continuous,none,max,LOF_k130_cauto,0.9054971497149716,0.4136163832349997,0.7,cleaned_data_v2_drop_T4U_FTI
robust,continuous,none,max,LOF_k75_c0.01,0.8503858385838583,0.3484550488143373,0.68,cleaned_data_v2_drop_T4U_FTI
robust,continuous,none,max,LOF_k75_cauto,0.8503858385838583,0.3484550488143373,0.68,cleaned_data_v2_drop_T4U_FTI
robust,continuous,none,max,LOF_k50_c0.01,0.8034773477347735,0.2826091143568311,0.62,cleaned_data_v2_drop_T4U_FTI
none,discrete,min-max,avg,LOF_k75_cauto,0.9607356735673568,0.5630876724259923,0.74,cleaned_data_v2_drop_T4U_FTI
none,discrete,min-max,avg,LOF_k130_cauto,0.9574098409840984,0.4726778269015393,0.46,cleaned_data_v2_drop_T4U_FTI
none,discrete,min-max,avg,LOF_k50_cauto,0.9513336333633364,0.4662345349583199,0.64,cleaned_data_v2_drop_T4U_FTI
none,discrete,min-max,avg,LOF_k130_c0.01,0.6338202820282028,0.1978003953543282,0.66,cleaned_data_v2_drop_T4U_FTI
none,discrete,min-max,avg,LOF_k75_c0.01,0.6098724872487249,0.1170944596238607,0.46,cleaned_data_v2_drop_T4U_FTI
none,discrete,min-max,max,LOF_k50_cauto,0.90986798679868,0.1975310288815328,0.02,cleaned_data_v2_drop_T4U_FTI
none,discrete,min-max,max,LOF_k75_cauto,0.9106426642664266,0.1931698527529416,0.02,cleaned_data_v2_drop_T4U_FTI
none,discrete,min-max,max,LOF_k130_cauto,0.9135919591959196,0.1854496979019544,0.02,cleaned_data_v2_drop_T4U_FTI
none,discrete,min-max,max,LOF_k130_c0.01,0.6334995499549955,0.1737991042005729,0.52,cleaned_data_v2_drop_T4U_FTI
none,discrete,min-max,max,LOF_k75_c0.01,0.6096741674167416,0.109523002075324,0.36,cleaned_data_v2_drop_T4U_FTI
none,discrete,none,avg,LOF_k75_cauto,0.9623786378637864,0.5648904970481569,0.66,cleaned_data_v2_drop_T4U_FTI
none,discrete,none,avg,LOF_k130_cauto,0.9668868886888689,0.4769128787754664,0.64,cleaned_data_v2_drop_T4U_FTI
none,discrete,none,avg,LOF_k50_cauto,0.9526897689768976,0.4672894440173675,0.64,cleaned_data_v2_drop_T4U_FTI
none,discrete,none,avg,LOF_k130_c0.01,0.6338202820282028,0.1978003953543282,0.66,cleaned_data_v2_drop_T4U_FTI
none,discrete,none,avg,LOF_k75_c0.01,0.6098724872487249,0.1170944596238607,0.46,cleaned_data_v2_drop_T4U_FTI
none,discrete,none,max,LOF_k50_cauto,0.90986798679868,0.1975310288815328,0.02,cleaned_data_v2_drop_T4U_FTI
none,discrete,none,max,LOF_k75_cauto,0.9106426642664266,0.1931698527529416,0.02,cleaned_data_v2_drop_T4U_FTI
none,discrete,none,max,LOF_k130_cauto,0.9135919591959196,0.1854496979019544,0.02,cleaned_data_v2_drop_T4U_FTI
none,discrete,none,max,LOF_k130_c0.01,0.6334995499549955,0.1737991042005729,0.52,cleaned_data_v2_drop_T4U_FTI
none,discrete,none,max,LOF_k75_c0.01,0.6096741674167416,0.109523002075324,0.36,cleaned_data_v2_drop_T4U_FTI
none,continuous,min-max,avg,LOF_k75_c0.01,0.9326102610261028,0.2588893171140694,0.46,cleaned_data_v2_drop_T4U_FTI
none,continuous,min-max,avg,LOF_k75_cauto,0.9326102610261028,0.2588893171140694,0.46,cleaned_data_v2_drop_T4U_FTI
none,continuous,min-max,avg,LOF_k50_c0.01,0.9354227422742276,0.2340479479305306,0.24,cleaned_data_v2_drop_T4U_FTI
none,continuous,min-max,avg,LOF_k50_cauto,0.9354227422742276,0.2340479479305306,0.24,cleaned_data_v2_drop_T4U_FTI
none,continuous,min-max,avg,LOF_k130_c0.01,0.9060810081008102,0.1833735521911451,0.16,cleaned_data_v2_drop_T4U_FTI
none,continuous,min-max,max,LOF_k50_c0.01,0.917108910891089,0.1860884579140204,0.2,cleaned_data_v2_drop_T4U_FTI
none,continuous,min-max,max,LOF_k50_cauto,0.917108910891089,0.1860884579140204,0.2,cleaned_data_v2_drop_T4U_FTI
none,continuous,min-max,max,LOF_k75_c0.01,0.9022781278127812,0.1618946512261634,0.2,cleaned_data_v2_drop_T4U_FTI
none,continuous,min-max,max,LOF_k75_cauto,0.9022781278127812,0.1618946512261634,0.2,cleaned_data_v2_drop_T4U_FTI
none,continuous,min-max,max,LOF_k130_c0.01,0.8707812781278127,0.1258556713773092,0.14,cleaned_data_v2_drop_T4U_FTI
none,continuous,z-score,avg,LOF_k130_c0.01,0.971980798079808,0.5070083877926466,0.6,cleaned_data_v2_drop_T4U_FTI
none,continuous,z-score,avg,LOF_k130_cauto,0.971980798079808,0.5070083877926466,0.6,cleaned_data_v2_drop_T4U_FTI
none,continuous,z-score,avg,LOF_k75_c0.01,0.9619165916591658,0.3995300820946562,0.6,cleaned_data_v2_drop_T4U_FTI
none,continuous,z-score,avg,LOF_k75_cauto,0.9619165916591658,0.3995300820946562,0.6,cleaned_data_v2_drop_T4U_FTI
none,continuous,z-score,avg,LOF_k50_c0.01,0.9578013801380136,0.3269403558174806,0.28,cleaned_data_v2_drop_T4U_FTI
none,continuous,z-score,max,LOF_k130_c0.01,0.955975397539754,0.4103602914178367,0.46,cleaned_data_v2_drop_T4U_FTI
none,continuous,z-score,max,LOF_k130_cauto,0.955975397539754,0.4103602914178367,0.46,cleaned_data_v2_drop_T4U_FTI
none,continuous,z-score,max,LOF_k75_c0.01,0.942013201320132,0.298892318369008,0.42,cleaned_data_v2_drop_T4U_FTI
none,continuous,z-score,max,LOF_k75_cauto,0.942013201320132,0.298892318369008,0.42,cleaned_data_v2_drop_T4U_FTI
none,continuous,z-score,max,LOF_k50_c0.01,0.9425400540054004,0.2832706325896865,0.3,cleaned_data_v2_drop_T4U_FTI
none,continuous,none,avg,LOF_k130_c0.01,0.970985298529853,0.5089183717838702,0.64,cleaned_data_v2_drop_T4U_FTI
none,continuous,none,avg,LOF_k130_cauto,0.970985298529853,0.5089183717838702,0.64,cleaned_data_v2_drop_T4U_FTI
none,continuous,none,avg,LOF_k75_c0.01,0.96384398439844,0.4407373552075442,0.6,cleaned_data_v2_drop_T4U_FTI
none,continuous,none,avg,LOF_k75_cauto,0.96384398439844,0.4407373552075442,0.6,cleaned_data_v2_drop_T4U_FTI
none,continuous,none,avg,LOF_k50_c0.01,0.9589114911491148,0.3458085096884226,0.42,cleaned_data_v2_drop_T4U_FTI
none,continuous,none,max,LOF_k130_c0.01,0.9568526852685268,0.4165042764219242,0.56,cleaned_data_v2_drop_T4U_FTI
none,continuous,none,max,LOF_k130_cauto,0.9568526852685268,0.4165042764219242,0.56,cleaned_data_v2_drop_T4U_FTI
none,continuous,none,max,LOF_k75_c0.01,0.9471827182718272,0.3575494126503619,0.58,cleaned_data_v2_drop_T4U_FTI
none,continuous,none,max,LOF_k75_cauto,0.9471827182718272,0.3575494126503619,0.58,cleaned_data_v2_drop_T4U_FTI
none,continuous,none,max,LOF_k50_c0.01,0.9472181218121812,0.3155870585658832,0.48,cleaned_data_v2_drop_T4U_FTI
log,discrete,min-max,avg,LOF_k130_c0.01,0.6191041104110411,0.1096709506767767,0.24,uncleaned_data
log,discrete,min-max,avg,IsolationForest,0.674973897389739,0.0914047751190806,0.2,uncleaned_data
log,discrete,min-max,avg,LOF_k130_cauto,0.6675187518751875,0.0595187637213766,0.0,uncleaned_data
log,discrete,min-max,avg,LOF_k75_c0.01,0.5540069006900691,0.0513873306226994,0.12,uncleaned_data
log,discrete,min-max,avg,LOF_k75_cauto,0.6384461446144614,0.0503644805356386,0.0,uncleaned_data
log,discrete,min-max,max,LOF_k130_c0.01,0.6188988898889889,0.1060922892279452,0.3,uncleaned_data
log,discrete,min-max,max,IsolationForest,0.6733417341734174,0.0878734548410753,0.16,uncleaned_data
log,discrete,min-max,max,LOF_k75_c0.01,0.5541236123612362,0.0523460812199096,0.16,uncleaned_data
log,discrete,min-max,max,LOF_k75_cauto,0.6260498049804981,0.0490918296087108,0.02,uncleaned_data
log,discrete,min-max,max,LOF_k130_cauto,0.6138973897389739,0.0471940598101588,0.02,uncleaned_data
log,discrete,none,avg,LOF_k130_c0.01,0.6191041104110411,0.1096709506767767,0.24,uncleaned_data
log,discrete,none,avg,IsolationForest,0.6766030603060307,0.0978788593907095,0.2,uncleaned_data
log,discrete,none,avg,LOF_k130_cauto,0.6672331233123312,0.0585304033685589,0.0,uncleaned_data
log,discrete,none,avg,LOF_k75_c0.01,0.5540069006900691,0.0513873306226994,0.12,uncleaned_data
log,discrete,none,avg,LOF_k75_cauto,0.6303639363936394,0.0489376624041426,0.0,uncleaned_data
log,discrete,none,max,LOF_k130_c0.01,0.6188988898889889,0.1060922892279452,0.3,uncleaned_data
log,discrete,none,max,IsolationForest,0.6278073807380737,0.0850811500681812,0.16,uncleaned_data
log,discrete,none,max,LOF_k75_c0.01,0.5541236123612362,0.0523460812199096,0.16,uncleaned_data
log,discrete,none,max,LOF_k75_cauto,0.6260498049804981,0.0490918296087108,0.02,uncleaned_data
log,discrete,none,max,LOF_k130_cauto,0.6138973897389739,0.0471940598101588,0.02,uncleaned_data
log,continuous,min-max,avg,LOF_k130_c0.01,0.6663186318631864,0.094492507162598,0.18,uncleaned_data
log,continuous,min-max,avg,LOF_k130_cauto,0.6663186318631864,0.094492507162598,0.18,uncleaned_data
log,continuous,min-max,avg,IsolationForest,0.674973897389739,0.0914047751190806,0.2,uncleaned_data
log,continuous,min-max,avg,LOF_k75_c0.01,0.6353111311131113,0.0674518751954822,0.18,uncleaned_data
log,continuous,min-max,avg,LOF_k75_cauto,0.6353111311131113,0.0674518751954822,0.18,uncleaned_data
log,continuous,min-max,max,IsolationForest,0.6733417341734174,0.0878734548410753,0.16,uncleaned_data
log,continuous,min-max,max,LOF_k130_c0.01,0.6344056405640565,0.0807141828559988,0.2,uncleaned_data
log,continuous,min-max,max,LOF_k130_cauto,0.6344056405640565,0.0807141828559988,0.2,uncleaned_data
log,continuous,min-max,max,LOF_k75_c0.01,0.6253897389738974,0.0626889553297346,0.12,uncleaned_data
log,continuous,min-max,max,LOF_k75_cauto,0.6253897389738974,0.0626889553297346,0.12,uncleaned_data
log,continuous,z-score,avg,LOF_k130_c0.01,0.7102388238823881,0.1451224021348273,0.28,uncleaned_data
log,continuous,z-score,avg,LOF_k130_cauto,0.7102388238823881,0.1451224021348273,0.28,uncleaned_data
log,continuous,z-score,avg,IsolationForest,0.6772793279327933,0.104563009044164,0.22,uncleaned_data
log,continuous,z-score,avg,LOF_k75_c0.01,0.6675397539753976,0.0698214890186678,0.1,uncleaned_data
log,continuous,z-score,avg,LOF_k75_cauto,0.6675397539753976,0.0698214890186678,0.1,uncleaned_data
log,continuous,z-score,max,LOF_k130_c0.01,0.7026018601860186,0.2066232571831434,0.62,uncleaned_data
log,continuous,z-score,max,LOF_k130_cauto,0.7026018601860186,0.2066232571831434,0.62,uncleaned_data
log,continuous,z-score,max,IsolationForest,0.6783246324632463,0.0905862467705575,0.2,uncleaned_data
log,continuous,z-score,max,LOF_k75_c0.01,0.674937893789379,0.0869565781762406,0.24,uncleaned_data
log,continuous,z-score,max,LOF_k75_cauto,0.674937893789379,0.0869565781762406,0.24,uncleaned_data
log,continuous,none,avg,LOF_k130_c0.01,0.7048934893489349,0.0981436515001026,0.14,uncleaned_data
log,continuous,none,avg,LOF_k130_cauto,0.7048934893489349,0.0981436515001026,0.14,uncleaned_data
log,continuous,none,avg,IsolationForest,0.6766030603060307,0.0978788593907095,0.2,uncleaned_data
log,continuous,none,avg,LOF_k75_c0.01,0.6500264026402639,0.0640029936648482,0.1,uncleaned_data
log,continuous,none,avg,LOF_k75_cauto,0.6500264026402639,0.0640029936648482,0.1,uncleaned_data
log,continuous,none,max,LOF_k130_c0.01,0.6945838583858386,0.1089423514137763,0.16,uncleaned_data
log,continuous,none,max,LOF_k130_cauto,0.6945838583858386,0.1089423514137763,0.16,uncleaned_data
log,continuous,none,max,IsolationForest,0.6278073807380737,0.0850811500681812,0.16,uncleaned_data
log,continuous,none,max,LOF_k75_c0.01,0.6578541854185419,0.0764334857647901,0.1,uncleaned_data
log,continuous,none,max,LOF_k75_cauto,0.6578541854185419,0.0764334857647901,0.1,uncleaned_data
standard,discrete,min-max,avg,LOF_k130_cauto,0.716884188418842,0.1372020697433357,0.16,uncleaned_data
standard,discrete,min-max,avg,LOF_k75_cauto,0.7193597359735974,0.1304407051081328,0.16,uncleaned_data
standard,discrete,min-max,avg,LOF_k50_cauto,0.7127476747674768,0.0918157235667862,0.18,uncleaned_data
standard,discrete,min-max,avg,LOF_k130_c0.01,0.5884446444644464,0.0908832621666227,0.32,uncleaned_data
standard,discrete,min-max,avg,LOF_k75_c0.01,0.5922949294929493,0.0886774602362328,0.28,uncleaned_data
standard,discrete,min-max,max,LOF_k75_c0.01,0.5921740174017401,0.0859386928860613,0.08,uncleaned_data
standard,discrete,min-max,max,LOF_k50_c0.01,0.5882490249024902,0.0827166735058531,0.18,uncleaned_data
standard,discrete,min-max,max,LOF_k130_c0.01,0.5881740174017401,0.0824185977764925,0.1,uncleaned_data
standard,discrete,min-max,max,IsolationForest,0.6356879687968797,0.0683920681975523,0.1,uncleaned_data
standard,discrete,min-max,max,LOF_k50_cauto,0.6867848784878487,0.0639975557623155,0.02,uncleaned_data
standard,discrete,none,avg,LOF_k130_cauto,0.7195898589858987,0.1411877550230942,0.18,uncleaned_data
standard,discrete,none,avg,LOF_k75_cauto,0.7238247824782478,0.1304675386312575,0.14,uncleaned_data
standard,discrete,none,avg,LOF_k50_cauto,0.7157194719471947,0.091307261583867,0.06,uncleaned_data
standard,discrete,none,avg,LOF_k130_c0.01,0.5884446444644464,0.0908832621666227,0.32,uncleaned_data
standard,discrete,none,avg,LOF_k75_c0.01,0.5922949294929493,0.0886774602362328,0.28,uncleaned_data
standard,discrete,none,max,LOF_k75_c0.01,0.5921740174017401,0.0859386928860613,0.08,uncleaned_data
standard,discrete,none,max,LOF_k50_c0.01,0.5882490249024902,0.0827166735058531,0.18,uncleaned_data
standard,discrete,none,max,LOF_k130_c0.01,0.5881740174017401,0.0824185977764925,0.1,uncleaned_data
standard,discrete,none,max,LOF_k50_cauto,0.6867848784878487,0.0639975557623155,0.02,uncleaned_data
standard,discrete,none,max,LOF_k130_cauto,0.677936393639364,0.0634704176434529,0.02,uncleaned_data
standard,continuous,min-max,avg,LOF_k50_c0.01,0.6226648664866486,0.1028356959326915,0.32,uncleaned_data
standard,continuous,min-max,avg,LOF_k50_cauto,0.6226648664866486,0.1028356959326915,0.32,uncleaned_data
standard,continuous,min-max,avg,LOF_k75_c0.01,0.6186216621662166,0.1023419820059055,0.32,uncleaned_data
standard,continuous,min-max,avg,LOF_k75_cauto,0.6186216621662166,0.1023419820059055,0.32,uncleaned_data
standard,continuous,min-max,avg,IsolationForest,0.6359819981998199,0.0688990251176848,0.08,uncleaned_data
standard,continuous,min-max,max,LOF_k50_c0.01,0.6045298529852985,0.0855502426143219,0.24,uncleaned_data
standard,continuous,min-max,max,LOF_k50_cauto,0.6045298529852985,0.0855502426143219,0.24,uncleaned_data
standard,continuous,min-max,max,LOF_k75_c0.01,0.5979597959795979,0.0810523986628558,0.24,uncleaned_data
standard,continuous,min-max,max,LOF_k75_cauto,0.5979597959795979,0.0810523986628558,0.24,uncleaned_data
standard,continuous,min-max,max,IsolationForest,0.6356879687968797,0.0683920681975523,0.1,uncleaned_data
standard,continuous,z-score,avg,LOF_k130_c0.01,0.6951893189318933,0.1798579826854454,0.52,uncleaned_data
standard,continuous,z-score,avg,LOF_k130_cauto,0.6951893189318933,0.1798579826854454,0.52,uncleaned_data
standard,continuous,z-score,avg,LOF_k75_c0.01,0.7022220222022202,0.1579691639781698,0.36,uncleaned_data
standard,continuous,z-score,avg,LOF_k75_cauto,0.7022220222022202,0.1579691639781698,0.36,uncleaned_data
standard,continuous,z-score,avg,LOF_k50_c0.01,0.7097809780978098,0.1497627322890374,0.3,uncleaned_data
standard,continuous,z-score,max,LOF_k130_c0.01,0.6869252925292528,0.1722672041809635,0.6,uncleaned_data
standard,continuous,z-score,max,LOF_k130_cauto,0.6869252925292528,0.1722672041809635,0.6,uncleaned_data
standard,continuous,z-score,max,LOF_k75_c0.01,0.6686978697869788,0.15862119574796,0.42,uncleaned_data
standard,continuous,z-score,max,LOF_k75_cauto,0.6686978697869788,0.15862119574796,0.42,uncleaned_data
standard,continuous,z-score,max,LOF_k50_c0.01,0.6935340534053406,0.1553225669821025,0.38,uncleaned_data
standard,continuous,none,avg,LOF_k130_c0.01,0.7070891089108912,0.1450712582645632,0.22,uncleaned_data
standard,continuous,none,avg,LOF_k130_cauto,0.7070891089108912,0.1450712582645632,0.22,uncleaned_data
standard,continuous,none,avg,LOF_k75_c0.01,0.7101122112211221,0.1130407649202366,0.14,uncleaned_data
standard,continuous,none,avg,LOF_k75_cauto,0.7101122112211221,0.1130407649202366,0.14,uncleaned_data
standard,continuous,none,avg,LOF_k50_c0.01,0.7134179417941794,0.1040601679558264,0.1,uncleaned_data
standard,continuous,none,max,LOF_k130_c0.01,0.7055487548754876,0.1402678828906673,0.24,uncleaned_data
standard,continuous,none,max,LOF_k130_cauto,0.7055487548754876,0.1402678828906673,0.24,uncleaned_data
standard,continuous,none,max,LOF_k75_c0.01,0.7034581458145814,0.1007343599563826,0.08,uncleaned_data
standard,continuous,none,max,LOF_k75_cauto,0.7034581458145814,0.1007343599563826,0.08,uncleaned_data
standard,continuous,none,max,LOF_k50_c0.01,0.7082178217821783,0.1004898744863597,0.08,uncleaned_data
robust,discrete,min-max,avg,LOF_k130_cauto,0.849937593759376,0.2795291194000581,0.42,uncleaned_data
robust,discrete,min-max,avg,LOF_k75_cauto,0.8053519351935193,0.1965367245238544,0.26,uncleaned_data
robust,discrete,min-max,avg,LOF_k50_cauto,0.7872253225322532,0.1929845483601219,0.14,uncleaned_data
robust,discrete,min-max,avg,LOF_k130_c0.01,0.6336093609360937,0.1649729308187512,0.54,uncleaned_data
robust,discrete,min-max,avg,LOF_k50_c0.01,0.5924743474347434,0.0877571598782733,0.18,uncleaned_data
robust,discrete,min-max,max,LOF_k130_cauto,0.812966096609661,0.123514415055595,0.02,uncleaned_data
robust,discrete,min-max,max,LOF_k130_c0.01,0.6325988598859886,0.1183088490456911,0.28,uncleaned_data
robust,discrete,min-max,max,LOF_k75_cauto,0.7802664266426643,0.1107103051747014,0.02,uncleaned_data
robust,discrete,min-max,max,LOF_k50_cauto,0.7689414941494149,0.1061433349259436,0.02,uncleaned_data
robust,discrete,min-max,max,LOF_k50_c0.01,0.592023402340234,0.0720254742300868,0.02,uncleaned_data
robust,discrete,none,avg,LOF_k130_cauto,0.850948694869487,0.2792445600983203,0.44,uncleaned_data
robust,discrete,none,avg,LOF_k75_cauto,0.8045460546054606,0.1954356978573965,0.16,uncleaned_data
robust,discrete,none,avg,LOF_k50_cauto,0.7885406540654065,0.1916071101898713,0.12,uncleaned_data
robust,discrete,none,avg,LOF_k130_c0.01,0.6336093609360937,0.1649729308187512,0.54,uncleaned_data
robust,discrete,none,avg,LOF_k50_c0.01,0.5924743474347434,0.0877571598782733,0.18,uncleaned_data
robust,discrete,none,max,LOF_k130_cauto,0.812966096609661,0.123514415055595,0.02,uncleaned_data
robust,discrete,none,max,LOF_k130_c0.01,0.6325988598859886,0.1183088490456911,0.28,uncleaned_data
robust,discrete,none,max,LOF_k75_cauto,0.7802664266426643,0.1107103051747014,0.02,uncleaned_data
robust,discrete,none,max,LOF_k50_cauto,0.7689414941494149,0.1061433349259436,0.02,uncleaned_data
robust,discrete,none,max,LOF_k50_c0.01,0.592023402340234,0.0720254742300868,0.02,uncleaned_data
robust,continuous,min-max,avg,LOF_k130_c0.01,0.8607668766876687,0.1833882134504604,0.12,uncleaned_data
robust,continuous,min-max,avg,LOF_k130_cauto,0.8607668766876687,0.1833882134504604,0.12,uncleaned_data
robust,continuous,min-max,avg,LOF_k50_c0.01,0.743005700570057,0.1355475615503645,0.18,uncleaned_data
robust,continuous,min-max,avg,LOF_k50_cauto,0.743005700570057,0.1355475615503645,0.18,uncleaned_data
robust,continuous,min-max,avg,LOF_k75_c0.01,0.7930699069906991,0.131410404652384,0.04,uncleaned_data
robust,continuous,min-max,max,LOF_k130_c0.01,0.836079207920792,0.1842150791805586,0.24,uncleaned_data
robust,continuous,min-max,max,LOF_k130_cauto,0.836079207920792,0.1842150791805586,0.24,uncleaned_data
robust,continuous,min-max,max,LOF_k50_c0.01,0.7268496849684968,0.1346932211958307,0.2,uncleaned_data
robust,continuous,min-max,max,LOF_k50_cauto,0.7268496849684968,0.1346932211958307,0.2,uncleaned_data
robust,continuous,min-max,max,LOF_k75_c0.01,0.7713195319531954,0.1334652528916602,0.18,uncleaned_data
robust,continuous,z-score,avg,LOF_k130_c0.01,0.814089408940894,0.2133587214353903,0.4,uncleaned_data
robust,continuous,z-score,avg,LOF_k130_cauto,0.814089408940894,0.2133587214353903,0.4,uncleaned_data
robust,continuous,z-score,avg,LOF_k50_c0.01,0.8758043804380439,0.1978835751024474,0.24,uncleaned_data
robust,continuous,z-score,avg,LOF_k50_cauto,0.8758043804380439,0.1978835751024474,0.24,uncleaned_data
robust,continuous,z-score,avg,LOF_k75_c0.01,0.8300378037803781,0.1492510451996399,0.14,uncleaned_data
robust,continuous,z-score,max,LOF_k130_c0.01,0.7947803780378038,0.2058800494097247,0.4,uncleaned_data
robust,continuous,z-score,max,LOF_k130_cauto,0.7947803780378038,0.2058800494097247,0.4,uncleaned_data
robust,continuous,z-score,max,LOF_k50_c0.01,0.7561980198019802,0.15462544636556,0.28,uncleaned_data
robust,continuous,z-score,max,LOF_k50_cauto,0.7561980198019802,0.15462544636556,0.28,uncleaned_data
robust,continuous,z-score,max,LOF_k75_c0.01,0.7204242424242424,0.116320841860018,0.22,uncleaned_data
robust,continuous,none,avg,LOF_k130_c0.01,0.9096759675967596,0.2668014614566156,0.4,uncleaned_data
robust,continuous,none,avg,LOF_k130_cauto,0.9096759675967596,0.2668014614566156,0.4,uncleaned_data
robust,continuous,none,avg,LOF_k75_c0.01,0.8765070507050705,0.1817338384472374,0.34,uncleaned_data
robust,continuous,none,avg,LOF_k75_cauto,0.8765070507050705,0.1817338384472374,0.34,uncleaned_data
robust,continuous,none,avg,LOF_k50_c0.01,0.8600102010201018,0.1735751892426555,0.32,uncleaned_data
robust,continuous,none,max,LOF_k130_c0.01,0.8947278727872786,0.2678003456593731,0.44,uncleaned_data
robust,continuous,none,max,LOF_k130_cauto,0.8947278727872786,0.2678003456593731,0.44,uncleaned_data
robust,continuous,none,max,LOF_k75_c0.01,0.8695901590159016,0.1797609665520408,0.34,uncleaned_data
robust,continuous,none,max,LOF_k75_cauto,0.8695901590159016,0.1797609665520408,0.34,uncleaned_data
robust,continuous,none,max,LOF_k50_c0.01,0.8572463246324633,0.1744055095000937,0.32,uncleaned_data
none,discrete,min-max,avg,LOF_k50_cauto,0.6846282628262826,0.1192703818851522,0.12,uncleaned_data
none,discrete,min-max,avg,LOF_k75_cauto,0.6508646864686468,0.1028874927189107,0.08,uncleaned_data
none,discrete,min-max,avg,LOF_k75_c0.01,0.5718136813681367,0.1004140620681688,0.46,uncleaned_data
none,discrete,min-max,avg,LOF_k130_c0.01,0.5696492649264926,0.0912802698161438,0.44,uncleaned_data
none,discrete,min-max,avg,LOF_k50_c0.01,0.5659369936993699,0.0837464681851148,0.38,uncleaned_data
none,discrete,min-max,max,IsolationForest,0.6356879687968797,0.0683920681975523,0.1,uncleaned_data
none,discrete,min-max,max,LOF_k50_cauto,0.6640414041404139,0.0672479100674885,0.02,uncleaned_data
none,discrete,min-max,max,LOF_k75_c0.01,0.571123912391239,0.0663703178541888,0.04,uncleaned_data
none,discrete,min-max,max,LOF_k130_c0.01,0.5688238823882388,0.0642268063320695,0.06,uncleaned_data
none,discrete,min-max,max,LOF_k50_c0.01,0.5653489348934893,0.0627424458582353,0.04,uncleaned_data
none,discrete,none,avg,LOF_k50_cauto,0.685063606360636,0.1191328173705814,0.14,uncleaned_data
none,discrete,none,avg,LOF_k75_cauto,0.6501245124512451,0.102881815368564,0.1,uncleaned_data
none,discrete,none,avg,LOF_k75_c0.01,0.5718136813681367,0.1004140620681688,0.46,uncleaned_data
none,discrete,none,avg,LOF_k130_c0.01,0.5696492649264926,0.0912802698161438,0.44,uncleaned_data
none,discrete,none,avg,LOF_k50_c0.01,0.5659369936993699,0.0837464681851148,0.38,uncleaned_data
none,discrete,none,max,LOF_k50_cauto,0.6640414041404139,0.0672479100674885,0.02,uncleaned_data
none,discrete,none,max,LOF_k75_c0.01,0.571123912391239,0.0663703178541888,0.04,uncleaned_data
none,discrete,none,max,LOF_k130_c0.01,0.5688238823882388,0.0642268063320695,0.06,uncleaned_data
none,discrete,none,max,LOF_k50_c0.01,0.5653489348934893,0.0627424458582353,0.04,uncleaned_data
none,discrete,none,max,IsolationForest,0.5833621362136213,0.0576254655554775,0.12,uncleaned_data
none,continuous,min-max,avg,LOF_k50_c0.01,0.5854713471347135,0.0911050769848607,0.32,uncleaned_data
none,continuous,min-max,avg,LOF_k50_cauto,0.5854713471347135,0.0911050769848607,0.32,uncleaned_data
none,continuous,min-max,avg,LOF_k75_c0.01,0.5662634263426343,0.086006032273927,0.32,uncleaned_data
none,continuous,min-max,avg,LOF_k75_cauto,0.5662634263426343,0.086006032273927,0.32,uncleaned_data
none,continuous,min-max,avg,LOF_k130_c0.01,0.5772535253525353,0.0833965912117185,0.22,uncleaned_data
none,continuous,min-max,max,IsolationForest,0.6356879687968797,0.0683920681975523,0.1,uncleaned_data
none,continuous,min-max,max,LOF_k50_c0.01,0.5571989198919892,0.0536247458231624,0.08,uncleaned_data
none,continuous,min-max,max,LOF_k50_cauto,0.5571989198919892,0.0536247458231624,0.08,uncleaned_data
none,continuous,min-max,max,LOF_k75_c0.01,0.5524788478847884,0.0521810960462854,0.1,uncleaned_data
none,continuous,min-max,max,LOF_k75_cauto,0.5524788478847884,0.0521810960462854,0.1,uncleaned_data
none,continuous,z-score,avg,LOF_k130_c0.01,0.6600060006000599,0.1590928889472573,0.52,uncleaned_data
none,continuous,z-score,avg,LOF_k130_cauto,0.6600060006000599,0.1590928889472573,0.52,uncleaned_data
none,continuous,z-score,avg,LOF_k75_c0.01,0.6767674767476748,0.1542989955718912,0.54,uncleaned_data
none,continuous,z-score,avg,LOF_k75_cauto,0.6767674767476748,0.1542989955718912,0.54,uncleaned_data
none,continuous,z-score,avg,LOF_k50_c0.01,0.7020042004200421,0.1462166032173431,0.52,uncleaned_data
none,continuous,z-score,max,LOF_k75_c0.01,0.6222538253825383,0.1457182111047837,0.54,uncleaned_data
none,continuous,z-score,max,LOF_k75_cauto,0.6222538253825383,0.1457182111047837,0.54,uncleaned_data
none,continuous,z-score,max,LOF_k130_c0.01,0.6176120612061207,0.1411575363818164,0.46,uncleaned_data
none,continuous,z-score,max,LOF_k130_cauto,0.6176120612061207,0.1411575363818164,0.46,uncleaned_data
none,continuous,z-score,max,LOF_k50_c0.01,0.6510309030903092,0.130663155525135,0.48,uncleaned_data
none,continuous,none,avg,LOF_k130_c0.01,0.6709516951695169,0.1866563548368415,0.58,uncleaned_data
none,continuous,none,avg,LOF_k130_cauto,0.6709516951695169,0.1866563548368415,0.58,uncleaned_data
none,continuous,none,avg,LOF_k75_c0.01,0.684089408940894,0.1692135886777286,0.5,uncleaned_data
none,continuous,none,avg,LOF_k75_cauto,0.684089408940894,0.1692135886777286,0.5,uncleaned_data
none,continuous,none,avg,LOF_k50_c0.01,0.7053171317131712,0.1563750518068204,0.52,uncleaned_data
none,continuous,none,max,LOF_k130_c0.01,0.6566072607260726,0.1833095737794352,0.58,uncleaned_data
none,continuous,none,max,LOF_k130_cauto,0.6566072607260726,0.1833095737794352,0.58,uncleaned_data
none,continuous,none,max,LOF_k75_c0.01,0.6657503750375038,0.1617212756871449,0.54,uncleaned_data
none,continuous,none,max,LOF_k75_cauto,0.6657503750375038,0.1617212756871449,0.54,uncleaned_data
none,continuous,none,max,LOF_k50_c0.01,0.6925604560456045,0.149526202983113,0.52,uncleaned_data
log,discrete,min-max,avg,IsolationForest,0.6715439543954396,0.0811219040324351,0.14,uncleaned_data_drop_T4U_FTI
log,discrete,min-max,avg,LOF_k130_c0.01,0.5703222322232222,0.0613602213686207,0.16,uncleaned_data_drop_T4U_FTI
log,discrete,min-max,avg,LOF_k130_cauto,0.6229747974797479,0.0473741938282158,0.0,uncleaned_data_drop_T4U_FTI
log,discrete,min-max,avg,LOF_k75_cauto,0.6132091209120912,0.0459870707025702,0.0,uncleaned_data_drop_T4U_FTI
log,discrete,min-max,avg,LOF_k75_c0.01,0.5191884188418843,0.0388540077022634,0.06,uncleaned_data_drop_T4U_FTI
log,discrete,min-max,max,IsolationForest,0.6731716171617161,0.0815598197567628,0.12,uncleaned_data_drop_T4U_FTI
log,discrete,min-max,max,LOF_k130_c0.01,0.5702736273627362,0.0614351879699248,0.08,uncleaned_data_drop_T4U_FTI
log,discrete,min-max,max,LOF_k75_cauto,0.6266510651065107,0.0493901110900455,0.02,uncleaned_data_drop_T4U_FTI
log,discrete,min-max,max,LOF_k130_cauto,0.6131989198919892,0.0472850759330304,0.02,uncleaned_data_drop_T4U_FTI
log,discrete,min-max,max,LOF_k50_cauto,0.5571773177317731,0.0410916420747188,0.02,uncleaned_data_drop_T4U_FTI
log,discrete,none,avg,IsolationForest,0.673956195619562,0.0860075050625086,0.16,uncleaned_data_drop_T4U_FTI
log,discrete,none,avg,LOF_k130_c0.01,0.5703222322232222,0.0613602213686207,0.16,uncleaned_data_drop_T4U_FTI
log,discrete,none,avg,LOF_k130_cauto,0.6097428742874287,0.0462150494089068,0.0,uncleaned_data_drop_T4U_FTI
log,discrete,none,avg,LOF_k75_cauto,0.6041278127812781,0.0446949488015339,0.0,uncleaned_data_drop_T4U_FTI
log,discrete,none,avg,LOF_k75_c0.01,0.5191884188418843,0.0388540077022634,0.06,uncleaned_data_drop_T4U_FTI
log,discrete,none,max,IsolationForest,0.6163702370237022,0.0754278523950066,0.14,uncleaned_data_drop_T4U_FTI
log,discrete,none,max,LOF_k130_c0.01,0.5702736273627362,0.0614351879699248,0.08,uncleaned_data_drop_T4U_FTI
log,discrete,none,max,LOF_k75_cauto,0.6266510651065107,0.0493901110900455,0.02,uncleaned_data_drop_T4U_FTI
log,discrete,none,max,LOF_k130_cauto,0.6131989198919892,0.0472850759330304,0.02,uncleaned_data_drop_T4U_FTI
log,discrete,none,max,LOF_k50_cauto,0.5571773177317731,0.0410916420747188,0.02,uncleaned_data_drop_T4U_FTI
log,continuous,min-max,avg,IsolationForest,0.6715439543954396,0.0811219040324351,0.14,uncleaned_data_drop_T4U_FTI
log,continuous,min-max,avg,LOF_k130_c0.01,0.6468136813681368,0.0632561020183855,0.14,uncleaned_data_drop_T4U_FTI
log,continuous,min-max,avg,LOF_k130_cauto,0.6468136813681368,0.0632561020183855,0.14,uncleaned_data_drop_T4U_FTI
log,continuous,min-max,avg,LOF_k75_c0.01,0.563012901290129,0.0421752557518447,0.06,uncleaned_data_drop_T4U_FTI
log,continuous,min-max,avg,LOF_k75_cauto,0.563012901290129,0.0421752557518447,0.06,uncleaned_data_drop_T4U_FTI
log,continuous,min-max,max,IsolationForest,0.6731716171617161,0.0815598197567628,0.12,uncleaned_data_drop_T4U_FTI
log,continuous,min-max,max,LOF_k130_c0.01,0.646984398439844,0.0722777604445055,0.16,uncleaned_data_drop_T4U_FTI
log,continuous,min-max,max,LOF_k130_cauto,0.646984398439844,0.0722777604445055,0.16,uncleaned_data_drop_T4U_FTI
log,continuous,min-max,max,LOF_k75_c0.01,0.563978397839784,0.0447550504425606,0.08,uncleaned_data_drop_T4U_FTI
log,continuous,min-max,max,LOF_k75_cauto,0.563978397839784,0.0447550504425606,0.08,uncleaned_data_drop_T4U_FTI
log,continuous,z-score,avg,IsolationForest,0.6737413741374138,0.0924186608700351,0.2,uncleaned_data_drop_T4U_FTI
log,continuous,z-score,avg,LOF_k130_c0.01,0.6585688568856886,0.0671412868661184,0.08,uncleaned_data_drop_T4U_FTI
log,continuous,z-score,avg,LOF_k130_cauto,0.6585688568856886,0.0671412868661184,0.08,uncleaned_data_drop_T4U_FTI
log,continuous,z-score,avg,LOF_k75_c0.01,0.5925664566456645,0.0436558721166544,0.04,uncleaned_data_drop_T4U_FTI
log,continuous,z-score,avg,LOF_k75_cauto,0.5925664566456645,0.0436558721166544,0.04,uncleaned_data_drop_T4U_FTI
log,continuous,z-score,max,LOF_k130_c0.01,0.6943561356135614,0.1128017319622174,0.28,uncleaned_data_drop_T4U_FTI
log,continuous,z-score,max,LOF_k130_cauto,0.6943561356135614,0.1128017319622174,0.28,uncleaned_data_drop_T4U_FTI
log,continuous,z-score,max,IsolationForest,0.684899189918992,0.0822851060064759,0.12,uncleaned_data_drop_T4U_FTI
log,continuous,z-score,max,LOF_k75_c0.01,0.5525664566456646,0.0493234362193401,0.1,uncleaned_data_drop_T4U_FTI
log,continuous,z-score,max,LOF_k75_cauto,0.5525664566456646,0.0493234362193401,0.1,uncleaned_data_drop_T4U_FTI
log,continuous,none,avg,IsolationForest,0.673956195619562,0.0860075050625086,0.16,uncleaned_data_drop_T4U_FTI
log,continuous,none,avg,LOF_k130_c0.01,0.6561770177017702,0.0644357303211238,0.08,uncleaned_data_drop_T4U_FTI
log,continuous,none,avg,LOF_k130_cauto,0.6561770177017702,0.0644357303211238,0.08,uncleaned_data_drop_T4U_FTI
log,continuous,none,avg,LOF_k75_c0.01,0.5885370537053706,0.0431671726956479,0.04,uncleaned_data_drop_T4U_FTI
log,continuous,none,avg,LOF_k75_cauto,0.5885370537053706,0.0431671726956479,0.04,uncleaned_data_drop_T4U_FTI
log,continuous,none,max,LOF_k130_c0.01,0.6802586258625862,0.0875111547196714,0.18,uncleaned_data_drop_T4U_FTI
log,continuous,none,max,LOF_k130_cauto,0.6802586258625862,0.0875111547196714,0.18,uncleaned_data_drop_T4U_FTI
log,continuous,none,max,IsolationForest,0.6163702370237022,0.0754278523950066,0.14,uncleaned_data_drop_T4U_FTI
log,continuous,none,max,LOF_k75_c0.01,0.5953459345934593,0.0524394517950088,0.08,uncleaned_data_drop_T4U_FTI
log,continuous,none,max,LOF_k75_cauto,0.5953459345934593,0.0524394517950088,0.08,uncleaned_data_drop_T4U_FTI
standard,discrete,min-max,avg,LOF_k130_cauto,0.7558055805580557,0.1510042458716895,0.02,uncleaned_data_drop_T4U_FTI
standard,discrete,min-max,avg,LOF_k75_cauto,0.749039603960396,0.1412558926420199,0.2,uncleaned_data_drop_T4U_FTI
standard,discrete,min-max,avg,LOF_k75_c0.01,0.6067311731173116,0.1030704561409743,0.24,uncleaned_data_drop_T4U_FTI
standard,discrete,min-max,avg,LOF_k50_c0.01,0.6023456345634565,0.0988347733552912,0.22,uncleaned_data_drop_T4U_FTI
standard,discrete,min-max,avg,LOF_k130_c0.01,0.5964596459645964,0.0931774364920283,0.16,uncleaned_data_drop_T4U_FTI
standard,discrete,min-max,max,LOF_k75_c0.01,0.6067740774077408,0.1021042534087023,0.22,uncleaned_data_drop_T4U_FTI
standard,discrete,min-max,max,LOF_k50_c0.01,0.6023240324032404,0.0958563018773545,0.2,uncleaned_data_drop_T4U_FTI
standard,discrete,min-max,max,LOF_k130_c0.01,0.5965490549054905,0.0912556229421857,0.22,uncleaned_data_drop_T4U_FTI
standard,discrete,min-max,max,IsolationForest,0.6387746774677467,0.0665281647120131,0.08,uncleaned_data_drop_T4U_FTI
standard,discrete,min-max,max,LOF_k75_cauto,0.6902328232823282,0.0630096454909337,0.02,uncleaned_data_drop_T4U_FTI
standard,discrete,none,avg,LOF_k130_cauto,0.7601419141914192,0.156018804434293,0.02,uncleaned_data_drop_T4U_FTI
standard,discrete,none,avg,LOF_k75_cauto,0.7527080708070807,0.1408875902451769,0.2,uncleaned_data_drop_T4U_FTI
standard,discrete,none,avg,LOF_k75_c0.01,0.6067311731173116,0.1030704561409743,0.24,uncleaned_data_drop_T4U_FTI
standard,discrete,none,avg,LOF_k50_c0.01,0.6023456345634565,0.0988347733552912,0.22,uncleaned_data_drop_T4U_FTI
standard,discrete,none,avg,LOF_k130_c0.01,0.5964596459645964,0.0931774364920283,0.16,uncleaned_data_drop_T4U_FTI
standard,discrete,none,max,LOF_k75_c0.01,0.6067740774077408,0.1021042534087023,0.22,uncleaned_data_drop_T4U_FTI
standard,discrete,none,max,LOF_k50_c0.01,0.6023240324032404,0.0958563018773545,0.2,uncleaned_data_drop_T4U_FTI
standard,discrete,none,max,LOF_k130_c0.01,0.5965490549054905,0.0912556229421857,0.22,uncleaned_data_drop_T4U_FTI
standard,discrete,none,max,LOF_k75_cauto,0.6902328232823282,0.0630096454909337,0.02,uncleaned_data_drop_T4U_FTI
standard,discrete,none,max,LOF_k50_cauto,0.6836831683168316,0.0618998264893001,0.02,uncleaned_data_drop_T4U_FTI
standard,continuous,min-max,avg,LOF_k75_c0.01,0.6552835283528353,0.1117900125402028,0.32,uncleaned_data_drop_T4U_FTI
standard,continuous,min-max,avg,LOF_k75_cauto,0.6552835283528353,0.1117900125402028,0.32,uncleaned_data_drop_T4U_FTI
standard,continuous,min-max,avg,LOF_k50_c0.01,0.6523306330633063,0.1089742895752043,0.34,uncleaned_data_drop_T4U_FTI
standard,continuous,min-max,avg,LOF_k50_cauto,0.6523306330633063,0.1089742895752043,0.34,uncleaned_data_drop_T4U_FTI
standard,continuous,min-max,avg,LOF_k130_c0.01,0.6457833783378338,0.0736627485911874,0.12,uncleaned_data_drop_T4U_FTI
standard,continuous,min-max,max,LOF_k50_c0.01,0.6441176117611761,0.097563587094721,0.26,uncleaned_data_drop_T4U_FTI
standard,continuous,min-max,max,LOF_k50_cauto,0.6441176117611761,0.097563587094721,0.26,uncleaned_data_drop_T4U_FTI
standard,continuous,min-max,max,LOF_k75_c0.01,0.6433930393039304,0.0967760303377988,0.24,uncleaned_data_drop_T4U_FTI
standard,continuous,min-max,max,LOF_k75_cauto,0.6433930393039304,0.0967760303377988,0.24,uncleaned_data_drop_T4U_FTI
standard,continuous,min-max,max,LOF_k130_c0.01,0.628995199519952,0.0725379267667262,0.2,uncleaned_data_drop_T4U_FTI
standard,continuous,z-score,avg,LOF_k75_c0.01,0.7232469246924693,0.1596871950734129,0.3,uncleaned_data_drop_T4U_FTI
standard,continuous,z-score,avg,LOF_k75_cauto,0.7232469246924693,0.1596871950734129,0.3,uncleaned_data_drop_T4U_FTI
standard,continuous,z-score,avg,LOF_k130_c0.01,0.7114035403540354,0.15895442335305,0.32,uncleaned_data_drop_T4U_FTI
standard,continuous,z-score,avg,LOF_k130_cauto,0.7114035403540354,0.15895442335305,0.32,uncleaned_data_drop_T4U_FTI
standard,continuous,z-score,avg,LOF_k50_c0.01,0.7259579957995801,0.1501082622623978,0.26,uncleaned_data_drop_T4U_FTI
standard,continuous,z-score,max,LOF_k75_c0.01,0.7093219321932192,0.1701135134777186,0.38,uncleaned_data_drop_T4U_FTI
standard,continuous,z-score,max,LOF_k75_cauto,0.7093219321932192,0.1701135134777186,0.38,uncleaned_data_drop_T4U_FTI
standard,continuous,z-score,max,LOF_k130_c0.01,0.7017509750975097,0.1647250205966325,0.46,uncleaned_data_drop_T4U_FTI
standard,continuous,z-score,max,LOF_k130_cauto,0.7017509750975097,0.1647250205966325,0.46,uncleaned_data_drop_T4U_FTI
standard,continuous,z-score,max,LOF_k50_c0.01,0.714062406240624,0.1639256061948986,0.3,uncleaned_data_drop_T4U_FTI
standard,continuous,none,avg,LOF_k130_c0.01,0.7219471947194719,0.0929901215592895,0.02,uncleaned_data_drop_T4U_FTI
standard,continuous,none,avg,LOF_k130_cauto,0.7219471947194719,0.0929901215592895,0.02,uncleaned_data_drop_T4U_FTI
standard,continuous,none,avg,LOF_k75_c0.01,0.7083342334233425,0.0807455195189307,0.02,uncleaned_data_drop_T4U_FTI
standard,continuous,none,avg,LOF_k75_cauto,0.7083342334233425,0.0807455195189307,0.02,uncleaned_data_drop_T4U_FTI
standard,continuous,none,avg,LOF_k50_c0.01,0.697985598559856,0.0761079450577808,0.02,uncleaned_data_drop_T4U_FTI
standard,continuous,none,max,LOF_k130_c0.01,0.7035475547554755,0.0784192772487775,0.04,uncleaned_data_drop_T4U_FTI
standard,continuous,none,max,LOF_k130_cauto,0.7035475547554755,0.0784192772487775,0.04,uncleaned_data_drop_T4U_FTI
standard,continuous,none,max,LOF_k75_c0.01,0.6945220522052206,0.0736218778365393,0.02,uncleaned_data_drop_T4U_FTI
standard,continuous,none,max,LOF_k75_cauto,0.6945220522052206,0.0736218778365393,0.02,uncleaned_data_drop_T4U_FTI
standard,continuous,none,max,LOF_k50_c0.01,0.6888328832883288,0.0716994557785169,0.02,uncleaned_data_drop_T4U_FTI
robust,discrete,min-max,avg,LOF_k130_cauto,0.8489039903990399,0.2967548552683278,0.56,uncleaned_data_drop_T4U_FTI
robust,discrete,min-max,avg,LOF_k75_cauto,0.7810837083708371,0.1773933183326939,0.28,uncleaned_data_drop_T4U_FTI
robust,discrete,min-max,avg,LOF_k130_c0.01,0.6415994599459947,0.1752868517948453,0.56,uncleaned_data_drop_T4U_FTI
robust,discrete,min-max,avg,LOF_k50_cauto,0.7469912991299129,0.1354323903645554,0.18,uncleaned_data_drop_T4U_FTI
robust,discrete,min-max,avg,LOF_k50_c0.01,0.5896567656765677,0.08376927621346,0.16,uncleaned_data_drop_T4U_FTI
robust,discrete,min-max,max,LOF_k130_c0.01,0.6403738373837384,0.1251763674921569,0.12,uncleaned_data_drop_T4U_FTI
robust,discrete,min-max,max,LOF_k130_cauto,0.8070399039903988,0.1140473725256068,0.02,uncleaned_data_drop_T4U_FTI
robust,discrete,min-max,max,LOF_k75_cauto,0.7484122412241224,0.0838064346842592,0.02,uncleaned_data_drop_T4U_FTI
robust,discrete,min-max,max,LOF_k50_cauto,0.7322124212421242,0.0793199290500787,0.02,uncleaned_data_drop_T4U_FTI
robust,discrete,min-max,max,LOF_k50_c0.01,0.5893483348334834,0.0693428550396971,0.14,uncleaned_data_drop_T4U_FTI
robust,discrete,none,avg,LOF_k130_cauto,0.8510480048004798,0.2966264086908058,0.44,uncleaned_data_drop_T4U_FTI
robust,discrete,none,avg,LOF_k75_cauto,0.780069606960696,0.1767323136598972,0.28,uncleaned_data_drop_T4U_FTI
robust,discrete,none,avg,LOF_k130_c0.01,0.6415994599459947,0.1752868517948453,0.56,uncleaned_data_drop_T4U_FTI
robust,discrete,none,avg,LOF_k50_cauto,0.7474608460846084,0.133787585697613,0.14,uncleaned_data_drop_T4U_FTI
robust,discrete,none,avg,LOF_k50_c0.01,0.5896567656765677,0.08376927621346,0.16,uncleaned_data_drop_T4U_FTI
robust,discrete,none,max,LOF_k130_c0.01,0.6403738373837384,0.1251763674921569,0.12,uncleaned_data_drop_T4U_FTI
robust,discrete,none,max,LOF_k130_cauto,0.8070399039903988,0.1140473725256068,0.02,uncleaned_data_drop_T4U_FTI
robust,discrete,none,max,LOF_k75_cauto,0.7484122412241224,0.0838064346842592,0.02,uncleaned_data_drop_T4U_FTI
robust,discrete,none,max,LOF_k50_cauto,0.7322124212421242,0.0793199290500787,0.02,uncleaned_data_drop_T4U_FTI
robust,discrete,none,max,LOF_k50_c0.01,0.5893483348334834,0.0693428550396971,0.14,uncleaned_data_drop_T4U_FTI
robust,continuous,min-max,avg,LOF_k130_c0.01,0.8376543654365437,0.1695504369630306,0.1,uncleaned_data_drop_T4U_FTI
robust,continuous,min-max,avg,LOF_k130_cauto,0.8376543654365437,0.1695504369630306,0.1,uncleaned_data_drop_T4U_FTI
robust,continuous,min-max,avg,LOF_k75_c0.01,0.7597089708970898,0.1177046750013361,0.04,uncleaned_data_drop_T4U_FTI
robust,continuous,min-max,avg,LOF_k75_cauto,0.7597089708970898,0.1177046750013361,0.04,uncleaned_data_drop_T4U_FTI
robust,continuous,min-max,avg,LOF_k50_c0.01,0.7084818481848185,0.1176815898417986,0.14,uncleaned_data_drop_T4U_FTI
robust,continuous,min-max,max,LOF_k130_c0.01,0.8145448544854484,0.1745949862868289,0.22,uncleaned_data_drop_T4U_FTI
robust,continuous,min-max,max,LOF_k130_cauto,0.8145448544854484,0.1745949862868289,0.22,uncleaned_data_drop_T4U_FTI
robust,continuous,min-max,max,LOF_k50_c0.01,0.6947044704470446,0.1207357562484374,0.2,uncleaned_data_drop_T4U_FTI
robust,continuous,min-max,max,LOF_k50_cauto,0.6947044704470446,0.1207357562484374,0.2,uncleaned_data_drop_T4U_FTI
robust,continuous,min-max,max,LOF_k75_c0.01,0.7374341434143414,0.1166786767626348,0.16,uncleaned_data_drop_T4U_FTI
robust,continuous,z-score,avg,LOF_k130_c0.01,0.7901686168616862,0.1982051668159967,0.36,uncleaned_data_drop_T4U_FTI
robust,continuous,z-score,avg,LOF_k130_cauto,0.7901686168616862,0.1982051668159967,0.36,uncleaned_data_drop_T4U_FTI
robust,continuous,z-score,avg,LOF_k50_c0.01,0.8234479447944794,0.167867625121693,0.22,uncleaned_data_drop_T4U_FTI
robust,continuous,z-score,avg,LOF_k50_cauto,0.8234479447944794,0.167867625121693,0.22,uncleaned_data_drop_T4U_FTI
robust,continuous,z-score,avg,LOF_k75_c0.01,0.8066534653465346,0.1399455216149244,0.12,uncleaned_data_drop_T4U_FTI
robust,continuous,z-score,max,LOF_k130_c0.01,0.7658283828382839,0.1937609704798981,0.38,uncleaned_data_drop_T4U_FTI
robust,continuous,z-score,max,LOF_k130_cauto,0.7658283828382839,0.1937609704798981,0.38,uncleaned_data_drop_T4U_FTI
robust,continuous,z-score,max,LOF_k50_c0.01,0.7008271827182719,0.1330246334903941,0.28,uncleaned_data_drop_T4U_FTI
robust,continuous,z-score,max,LOF_k50_cauto,0.7008271827182719,0.1330246334903941,0.28,uncleaned_data_drop_T4U_FTI
robust,continuous,z-score,max,LOF_k75_c0.01,0.7005892589258925,0.1055325251492933,0.2,uncleaned_data_drop_T4U_FTI
robust,continuous,none,avg,LOF_k130_c0.01,0.8880672067206722,0.2522218679362956,0.4,uncleaned_data_drop_T4U_FTI
robust,continuous,none,avg,LOF_k130_cauto,0.8880672067206722,0.2522218679362956,0.4,uncleaned_data_drop_T4U_FTI
robust,continuous,none,avg,LOF_k75_c0.01,0.8357197719771977,0.1681103542544768,0.34,uncleaned_data_drop_T4U_FTI
robust,continuous,none,avg,LOF_k75_cauto,0.8357197719771977,0.1681103542544768,0.34,uncleaned_data_drop_T4U_FTI
robust,continuous,none,avg,LOF_k50_c0.01,0.816960696069607,0.1529991228274975,0.34,uncleaned_data_drop_T4U_FTI
robust,continuous,none,max,LOF_k130_c0.01,0.8882784278427842,0.2641670994999014,0.42,uncleaned_data_drop_T4U_FTI
robust,continuous,none,max,LOF_k130_cauto,0.8882784278427842,0.2641670994999014,0.42,uncleaned_data_drop_T4U_FTI
robust,continuous,none,max,LOF_k75_c0.01,0.8417527752775277,0.1702506241457714,0.36,uncleaned_data_drop_T4U_FTI
robust,continuous,none,max,LOF_k75_cauto,0.8417527752775277,0.1702506241457714,0.36,uncleaned_data_drop_T4U_FTI
robust,continuous,none,max,LOF_k50_c0.01,0.8245010501050105,0.1622782338774627,0.32,uncleaned_data_drop_T4U_FTI
none,discrete,min-max,avg,LOF_k130_cauto,0.7592601260126014,0.222978641211261,0.36,uncleaned_data_drop_T4U_FTI
none,discrete,min-max,avg,LOF_k75_cauto,0.7597638763876388,0.2217243978492714,0.3,uncleaned_data_drop_T4U_FTI
none,discrete,min-max,avg,LOF_k50_cauto,0.7545988598859886,0.1832693955868616,0.02,uncleaned_data_drop_T4U_FTI
none,discrete,min-max,avg,LOF_k130_c0.01,0.6113843384338433,0.1688332633584603,0.58,uncleaned_data_drop_T4U_FTI
none,discrete,min-max,avg,LOF_k75_c0.01,0.5852595259525952,0.1013735397043885,0.36,uncleaned_data_drop_T4U_FTI
none,discrete,min-max,max,LOF_k130_c0.01,0.6107242724272427,0.1168735299787931,0.18,uncleaned_data_drop_T4U_FTI
none,discrete,min-max,max,LOF_k50_cauto,0.7300426042604261,0.0953791793259002,0.02,uncleaned_data_drop_T4U_FTI
none,discrete,min-max,max,LOF_k75_cauto,0.7280420042004201,0.0916382330352994,0.02,uncleaned_data_drop_T4U_FTI
none,discrete,min-max,max,LOF_k130_cauto,0.7215163516351636,0.0864623403013448,0.02,uncleaned_data_drop_T4U_FTI
none,discrete,min-max,max,LOF_k75_c0.01,0.5845490549054905,0.0804273712293183,0.06,uncleaned_data_drop_T4U_FTI
none,discrete,none,avg,LOF_k130_cauto,0.7555205520552055,0.2260059223303102,0.4,uncleaned_data_drop_T4U_FTI
none,discrete,none,avg,LOF_k75_cauto,0.7591656165616563,0.2213080855378476,0.24,uncleaned_data_drop_T4U_FTI
none,discrete,none,avg,LOF_k50_cauto,0.7554167416741675,0.182706727629499,0.04,uncleaned_data_drop_T4U_FTI
none,discrete,none,avg,LOF_k130_c0.01,0.6113843384338433,0.1688332633584603,0.58,uncleaned_data_drop_T4U_FTI
none,discrete,none,avg,LOF_k75_c0.01,0.5852595259525952,0.1013735397043885,0.36,uncleaned_data_drop_T4U_FTI
none,discrete,none,max,LOF_k130_c0.01,0.6107242724272427,0.1168735299787931,0.18,uncleaned_data_drop_T4U_FTI
none,discrete,none,max,LOF_k50_cauto,0.7300426042604261,0.0953791793259002,0.02,uncleaned_data_drop_T4U_FTI
none,discrete,none,max,LOF_k75_cauto,0.7280420042004201,0.0916382330352994,0.02,uncleaned_data_drop_T4U_FTI
none,discrete,none,max,LOF_k130_cauto,0.7215163516351636,0.0864623403013448,0.02,uncleaned_data_drop_T4U_FTI
none,discrete,none,max,LOF_k75_c0.01,0.5845490549054905,0.0804273712293183,0.06,uncleaned_data_drop_T4U_FTI
none,continuous,min-max,avg,LOF_k75_c0.01,0.6555673567356735,0.1262625104969838,0.46,uncleaned_data_drop_T4U_FTI
none,continuous,min-max,avg,LOF_k75_cauto,0.6555673567356735,0.1262625104969838,0.46,uncleaned_data_drop_T4U_FTI
none,continuous,min-max,avg,LOF_k50_c0.01,0.6633351335133513,0.1092401102653049,0.4,uncleaned_data_drop_T4U_FTI
none,continuous,min-max,avg,LOF_k50_cauto,0.6633351335133513,0.1092401102653049,0.4,uncleaned_data_drop_T4U_FTI
none,continuous,min-max,avg,LOF_k130_c0.01,0.6474773477347735,0.0783408081841856,0.14,uncleaned_data_drop_T4U_FTI
none,continuous,min-max,max,LOF_k50_c0.01,0.6276741674167416,0.0820803825984535,0.26,uncleaned_data_drop_T4U_FTI
none,continuous,min-max,max,LOF_k50_cauto,0.6276741674167416,0.0820803825984535,0.26,uncleaned_data_drop_T4U_FTI
none,continuous,min-max,max,LOF_k75_c0.01,0.6155997599759976,0.0711186184371433,0.16,uncleaned_data_drop_T4U_FTI
none,continuous,min-max,max,LOF_k75_cauto,0.6155997599759976,0.0711186184371433,0.16,uncleaned_data_drop_T4U_FTI
none,continuous,min-max,max,IsolationForest,0.6387746774677467,0.0665281647120131,0.08,uncleaned_data_drop_T4U_FTI
none,continuous,z-score,avg,LOF_k130_c0.01,0.7641158115811582,0.2466316201352262,0.68,uncleaned_data_drop_T4U_FTI
none,continuous,z-score,avg,LOF_k130_cauto,0.7641158115811582,0.2466316201352262,0.68,uncleaned_data_drop_T4U_FTI
none,continuous,z-score,avg,LOF_k75_c0.01,0.7585670567056706,0.2084337121038561,0.58,uncleaned_data_drop_T4U_FTI
none,continuous,z-score,avg,LOF_k75_cauto,0.7585670567056706,0.2084337121038561,0.58,uncleaned_data_drop_T4U_FTI
none,continuous,z-score,avg,LOF_k50_c0.01,0.749929792979298,0.1918329607671477,0.52,uncleaned_data_drop_T4U_FTI
none,continuous,z-score,max,LOF_k130_c0.01,0.7149828982898289,0.2009774839916925,0.62,uncleaned_data_drop_T4U_FTI
none,continuous,z-score,max,LOF_k130_cauto,0.7149828982898289,0.2009774839916925,0.62,uncleaned_data_drop_T4U_FTI
none,continuous,z-score,max,LOF_k75_c0.01,0.7217935793579359,0.1852080077611406,0.6,uncleaned_data_drop_T4U_FTI
none,continuous,z-score,max,LOF_k75_cauto,0.7217935793579359,0.1852080077611406,0.6,uncleaned_data_drop_T4U_FTI
none,continuous,z-score,max,LOF_k50_c0.01,0.7245802580258026,0.1736025823963911,0.54,uncleaned_data_drop_T4U_FTI
none,continuous,none,avg,LOF_k130_c0.01,0.7500594059405941,0.284121370649215,0.7,uncleaned_data_drop_T4U_FTI
none,continuous,none,avg,LOF_k130_cauto,0.7500594059405941,0.284121370649215,0.7,uncleaned_data_drop_T4U_FTI
none,continuous,none,avg,LOF_k75_c0.01,0.7367386738673867,0.2220285431849554,0.52,uncleaned_data_drop_T4U_FTI
none,continuous,none,avg,LOF_k75_cauto,0.7367386738673867,0.2220285431849554,0.52,uncleaned_data_drop_T4U_FTI
none,continuous,none,avg,LOF_k50_c0.01,0.7308490849084909,0.2055574720851057,0.52,uncleaned_data_drop_T4U_FTI
none,continuous,none,max,LOF_k130_c0.01,0.735070507050705,0.2566904452244521,0.72,uncleaned_data_drop_T4U_FTI
none,continuous,none,max,LOF_k130_cauto,0.735070507050705,0.2566904452244521,0.72,uncleaned_data_drop_T4U_FTI
none,continuous,none,max,LOF_k75_c0.01,0.7237857785778578,0.2149074009425474,0.56,uncleaned_data_drop_T4U_FTI
none,continuous,none,max,LOF_k75_cauto,0.7237857785778578,0.2149074009425474,0.56,uncleaned_data_drop_T4U_FTI
none,continuous,none,max,LOF_k50_c0.01,0.7174539453945394,0.2038774678199108,0.54,uncleaned_data_drop_T4U_FTI
log,discrete,min-max,avg,LOF_k130_c0.03,0.6096309630963097,0.06075116360071684,0.0,uncleaned_data_drop_T4U_FTI
log,discrete,min-max,max,LOF_k130_c0.03,0.6114713471347135,0.06449279925440915,0.02,uncleaned_data_drop_T4U_FTI
log,discrete,none,avg,LOF_k130_c0.03,0.6096309630963097,0.06075116360071684,0.0,uncleaned_data_drop_T4U_FTI
log,discrete,none,max,LOF_k130_c0.03,0.6114713471347135,0.06449279925440915,0.02,uncleaned_data_drop_T4U_FTI
log,continuous,min-max,avg,LOF_k130_c0.03,0.6468136813681368,0.06325610201838557,0.14,uncleaned_data_drop_T4U_FTI
log,continuous,min-max,max,LOF_k130_c0.03,0.646984398439844,0.07227776044450554,0.16,uncleaned_data_drop_T4U_FTI
log,continuous,z-score,avg,LOF_k130_c0.03,0.6585688568856886,0.06714128686611849,0.08,uncleaned_data_drop_T4U_FTI
log,continuous,z-score,max,LOF_k130_c0.03,0.6943561356135614,0.11280173196221743,0.28,uncleaned_data_drop_T4U_FTI
log,continuous,none,avg,LOF_k130_c0.03,0.6561770177017702,0.06443573032112386,0.08,uncleaned_data_drop_T4U_FTI
log,continuous,none,max,LOF_k130_c0.03,0.6802586258625862,0.08751115471967144,0.18,uncleaned_data_drop_T4U_FTI
standard,discrete,min-max,avg,LOF_k130_c0.03,0.6669294929492949,0.11851670410654816,0.22,uncleaned_data_drop_T4U_FTI
standard,discrete,min-max,avg,LOF_k50_c0.03,0.6746456645664567,0.10878520294576616,0.1,uncleaned_data_drop_T4U_FTI
standard,discrete,min-max,avg,LOF_k75_c0.03,0.6729078907890789,0.10598090433186812,0.14,uncleaned_data_drop_T4U_FTI
standard,discrete,min-max,max,LOF_k75_c0.03,0.6717467746774677,0.09962521688837478,0.02,uncleaned_data_drop_T4U_FTI
standard,discrete,min-max,max,LOF_k50_c0.03,0.6728466846684669,0.09911928091223118,0.02,uncleaned_data_drop_T4U_FTI
standard,discrete,min-max,max,LOF_k130_c0.03,0.6652967296729673,0.09511193440106377,0.02,uncleaned_data_drop_T4U_FTI
standard,discrete,none,avg,LOF_k130_c0.03,0.6669294929492949,0.11851670410654816,0.22,uncleaned_data_drop_T4U_FTI
standard,discrete,none,avg,LOF_k50_c0.03,0.6746456645664567,0.10878520294576616,0.1,uncleaned_data_drop_T4U_FTI
standard,discrete,none,avg,LOF_k75_c0.03,0.6729078907890789,0.10598090433186812,0.14,uncleaned_data_drop_T4U_FTI
standard,discrete,none,max,LOF_k75_c0.03,0.6717467746774677,0.09962521688837478,0.02,uncleaned_data_drop_T4U_FTI
standard,discrete,none,max,LOF_k50_c0.03,0.6728466846684669,0.09911928091223118,0.02,uncleaned_data_drop_T4U_FTI
standard,discrete,none,max,LOF_k130_c0.03,0.6652967296729673,0.09511193440106377,0.02,uncleaned_data_drop_T4U_FTI
standard,continuous,min-max,avg,LOF_k75_c0.03,0.6552835283528353,0.11179001254020281,0.32,uncleaned_data_drop_T4U_FTI
standard,continuous,min-max,avg,LOF_k50_c0.03,0.6523306330633063,0.10897428957520433,0.34,uncleaned_data_drop_T4U_FTI
standard,continuous,min-max,max,LOF_k50_c0.03,0.6441176117611761,0.09756358709472106,0.26,uncleaned_data_drop_T4U_FTI
standard,continuous,min-max,max,LOF_k75_c0.03,0.6433930393039304,0.09677603033779882,0.24,uncleaned_data_drop_T4U_FTI
standard,continuous,z-score,avg,LOF_k75_c0.03,0.7232469246924693,0.1596871950734129,0.3,uncleaned_data_drop_T4U_FTI
standard,continuous,z-score,avg,LOF_k130_c0.03,0.7114035403540354,0.15895442335305007,0.32,uncleaned_data_drop_T4U_FTI
standard,continuous,z-score,max,LOF_k75_c0.03,0.7093219321932192,0.17011351347771866,0.38,uncleaned_data_drop_T4U_FTI
standard,continuous,z-score,max,LOF_k130_c0.03,0.7017509750975097,0.16472502059663252,0.46,uncleaned_data_drop_T4U_FTI
standard,continuous,none,avg,LOF_k130_c0.03,0.7219471947194719,0.09299012155928955,0.02,uncleaned_data_drop_T4U_FTI
standard,continuous,none,avg,LOF_k75_c0.03,0.7083342334233425,0.08074551951893078,0.02,uncleaned_data_drop_T4U_FTI
standard,continuous,none,max,LOF_k130_c0.03,0.7035475547554755,0.07841927724877759,0.04,uncleaned_data_drop_T4U_FTI
standard,continuous,none,max,LOF_k75_c0.03,0.6945220522052206,0.07362187783653933,0.02,uncleaned_data_drop_T4U_FTI
robust,discrete,min-max,avg,LOF_k130_c0.03,0.7264725472547255,0.22130561892586584,0.5,uncleaned_data_drop_T4U_FTI
robust,discrete,min-max,avg,LOF_k50_c0.03,0.6748517851785178,0.1793525822827991,0.54,uncleaned_data_drop_T4U_FTI
robust,discrete,min-max,max,LOF_k130_c0.03,0.7216471647164716,0.14232850439295977,0.02,uncleaned_data_drop_T4U_FTI
robust,discrete,min-max,max,LOF_k50_c0.03,0.6707464746474647,0.09531439755247967,0.02,uncleaned_data_drop_T4U_FTI
robust,discrete,none,avg,LOF_k130_c0.03,0.7264725472547255,0.22130561892586584,0.5,uncleaned_data_drop_T4U_FTI
robust,discrete,none,avg,LOF_k50_c0.03,0.6748517851785178,0.1793525822827991,0.54,uncleaned_data_drop_T4U_FTI
robust,discrete,none,max,LOF_k130_c0.03,0.7216471647164716,0.14232850439295977,0.02,uncleaned_data_drop_T4U_FTI
robust,discrete,none,max,LOF_k50_c0.03,0.6707464746474647,0.09531439755247967,0.02,uncleaned_data_drop_T4U_FTI
robust,continuous,min-max,avg,LOF_k130_c0.03,0.8376543654365437,0.16955043696303065,0.1,uncleaned_data_drop_T4U_FTI
robust,continuous,min-max,avg,LOF_k75_c0.03,0.7597089708970898,0.1177046750013361,0.04,uncleaned_data_drop_T4U_FTI
robust,continuous,min-max,max,LOF_k130_c0.03,0.8145448544854484,0.17459498628682896,0.22,uncleaned_data_drop_T4U_FTI
robust,continuous,min-max,max,LOF_k50_c0.03,0.6947044704470446,0.12073575624843749,0.2,uncleaned_data_drop_T4U_FTI
robust,continuous,z-score,avg,LOF_k130_c0.03,0.7901686168616862,0.1982051668159967,0.36,uncleaned_data_drop_T4U_FTI
robust,continuous,z-score,avg,LOF_k50_c0.03,0.8234479447944794,0.167867625121693,0.22,uncleaned_data_drop_T4U_FTI
robust,continuous,z-score,max,LOF_k130_c0.03,0.7658283828382839,0.19376097047989813,0.38,uncleaned_data_drop_T4U_FTI
robust,continuous,z-score,max,LOF_k50_c0.03,0.7008271827182719,0.13302463349039417,0.28,uncleaned_data_drop_T4U_FTI
robust,continuous,none,avg,LOF_k130_c0.03,0.8880672067206722,0.2522218679362956,0.4,uncleaned_data_drop_T4U_FTI
robust,continuous,none,avg,LOF_k75_c0.03,0.8357197719771977,0.1681103542544768,0.34,uncleaned_data_drop_T4U_FTI
robust,continuous,none,max,LOF_k130_c0.03,0.8882784278427842,0.2641670994999014,0.42,uncleaned_data_drop_T4U_FTI
robust,continuous,none,max,LOF_k75_c0.03,0.8417527752775277,0.1702506241457714,0.36,uncleaned_data_drop_T4U_FTI
none,discrete,min-max,avg,LOF_k130_c0.03,0.655032703270327,0.17968031179038277,0.6,uncleaned_data_drop_T4U_FTI
none,discrete,min-max,max,LOF_k130_c0.03,0.65007200720072,0.08939242868852168,0.02,uncleaned_data_drop_T4U_FTI
none,discrete,none,avg,LOF_k130_c0.03,0.655032703270327,0.17968031179038277,0.6,uncleaned_data_drop_T4U_FTI
none,discrete,none,max,LOF_k130_c0.03,0.65007200720072,0.08939242868852168,0.02,uncleaned_data_drop_T4U_FTI
none,continuous,min-max,avg,LOF_k75_c0.03,0.6555673567356735,0.1262625104969838,0.46,uncleaned_data_drop_T4U_FTI
none,continuous,min-max,avg,LOF_k50_c0.03,0.6633351335133513,0.10924011026530495,0.4,uncleaned_data_drop_T4U_FTI
none,continuous,min-max,max,LOF_k50_c0.03,0.6276741674167416,0.08208038259845359,0.26,uncleaned_data_drop_T4U_FTI
none,continuous,min-max,max,LOF_k75_c0.03,0.6155997599759976,0.07111861843714334,0.16,uncleaned_data_drop_T4U_FTI
none,continuous,z-score,avg,LOF_k130_c0.03,0.7641158115811582,0.24663162013522627,0.68,uncleaned_data_drop_T4U_FTI
none,continuous,z-score,avg,LOF_k75_c0.03,0.7585670567056706,0.20843371210385614,0.58,uncleaned_data_drop_T4U_FTI
none,continuous,z-score,max,LOF_k130_c0.03,0.7149828982898289,0.20097748399169252,0.62,uncleaned_data_drop_T4U_FTI
none,continuous,z-score,max,LOF_k75_c0.03,0.7217935793579359,0.18520800776114066,0.6,uncleaned_data_drop_T4U_FTI
none,continuous,none,avg,LOF_k130_c0.03,0.7500594059405941,0.28412137064921505,0.7,uncleaned_data_drop_T4U_FTI
none,continuous,none,avg,LOF_k75_c0.03,0.7367386738673867,0.2220285431849554,0.52,uncleaned_data_drop_T4U_FTI
none,continuous,none,max,LOF_k130_c0.03,0.735070507050705,0.2566904452244521,0.72,uncleaned_data_drop_T4U_FTI
none,continuous,none,max,LOF_k75_c0.03,0.7237857785778578,0.2149074009425474,0.56,uncleaned_data_drop_T4U_FTI
